üîí Row ID,name,category,address,coordinates,phone¬≠_number,yandex_map_link,gasoline,ai-80,ai-91,ai-92,ai-95,ai-98,diesel,working_hours,wc,wifi,shop,cafe,parking,car_wash,tire_service,created_by_email,created_by_name,creation_date,gas,methane,propane,praying_room,electric_charging
5C1FDZ2iQWqR70TIKDl8jw,Tatneft,–ê–ó–°,"—É–ª. –ö–æ—Ä–∞—Ç–æ—à, 8A","41.315387, 69.234978",+998 5550 128 88,https://yandex.uz/maps/-/CDTLVDy1,true,true,true,true,true,true,false,24/7,true,true,true,true,true,true,true,ozhiganovavar@gmail.com,Ozhiganova Varya,10.3.2024,,,,,
OVf.Hb6hRUOzW1fcacYDWQ,Arena Petrol & Cng,–ê–ó–°,"—É–ª. –ö–æ—Ä–∞—Å—É–≤, 9–ê","41.300464, 69.342896",+998 99 200 00 55,https://yandex.uz/maps/-/CDTLb605,true,true,,true,true,,true,24/7,true,,true,true,,true,true,ozhiganovavar@gmail.com,Ozhiganova Varya,10.3.2024,true,true,true,,
1rSaZ5DASz-nFMtr59LONQ,BRC,–ê–ó–°,"–¢–∞—à–∫–µ–Ω—Ç, –Ø—à–Ω–æ–±–æ–¥—Å–∫–∏–π —Ä–∞–π–æ–Ω, –º–∞—Ö–∞–ª–ª–∏–Ω—Å–∫–∏–π —Å—Ö–æ–¥ –≥—Ä–∞–∂–¥–∞–Ω –û–ª–º–æ—Å","41.272970, 69.362939",–ù–µ—Ç –∏–Ω—Ñ–æ—Ä–º–∞—Ü–∏–∏,https://yandex.uz/maps/-/CDTLz29J,true,,,,,,,24/7,true,,true,true,,,,ozhiganovavar@gmail.com,Ozhiganova Varya,10.3.2024,true,true,true,,
t9ByEHyhTPCm.AUwsUNPsw,Fath oil,–ê–ó–°,"–¢–∞—à–∫–µ–Ω—Ç, —É–ª. –ú–∞—Ö—Ç—É–º–∫—É–ª–∏, 73","41.304454, 69.312375",+998 71 207 86 88,https://yandex.uz/maps/-/CDTLfB05,true,,,true,true,,,24/7,,,,,,,,ozhiganovavar@gmail.com,Ozhiganova Varya,10.3.2024,,,,,
oKPLku5GR7yzFdqysCzupA,Poytaxt oil/Sun Petrol,–ê–ó–°,"–¢–∞—à–∫–µ–Ω—Ç, –Ø—à–Ω–∞–±–∞–¥—Å–∫–∏–π —Ä–∞–π–æ–Ω, –º–∞—Ö–∞–ª–ª—è –î—É—Å—Ç–æ–±–æ–¥","41.301674, 69.342468",–ù–µ—Ç –∏–Ω—Ñ–æ—Ä–º–∞—Ü–∏–∏,https://yandex.uz/maps/-/CDTLbI7h,true,true,true,,true,,,24/7,,,,,,,,ozhiganovavar@gmail.com,Ozhiganova Varya,10.3.2024,,,,,
5iW-Ukc2S6OL6NL4j32lZg,Petrol Exclusive,–ê–ó–°,"–¢–∞—à–∫–µ–Ω—Ç, –Ø—à–Ω–æ–±–æ–¥—Å–∫–∏–π —Ä–∞–π–æ–Ω, –º–∞—Ö–∞–ª–ª–∏–Ω—Å–∫–∏–π —Å—Ö–æ–¥ –≥—Ä–∞–∂–¥–∞–Ω –î—É—Å—Ç–æ–±–æ–¥","41.299707, 69.342560",–ù–µ—Ç –∏–Ω—Ñ–æ—Ä–º–∞—Ü–∏–∏,https://yandex.uz/maps/-/CDTLb4OE,true,true,,true,true,,true,24/7,true,,,,,,,ozhiganovavar@gmail.com,Ozhiganova Varya,10.3.2024,,,,,
tjhZjOd.SjyX67GWUZzwRA,Petrol Business,–ê–ó–°,"–¢–∞—à–∫–µ–Ω—Ç, –Ø—à–Ω–æ–±–æ–¥—Å–∫–∏–π —Ä–∞–π–æ–Ω, –ø—Ä–æ—Å–ø. –ê—Ö–∞–Ω–≥–∞—Ä–∞–Ω, 106","41.283879, 69.361338",+998 71 298 38 88,https://yandex.uz/maps/-/CDTLfGlU,true,,,,,,,24/7,,,,,,,,ozhiganovavar@gmail.com,Ozhiganova Varya,10.3.2024,,,,,
VNIbK.bkT8uqGpD3D4bA7g,UNG Petro,–ê–ó–°,"–¢–∞—à–∫–µ–Ω—Ç, –ù–æ–≤—ã–π –¢–∞—à–∫–µ–Ω—Ç—Å–∫–∏–π —Ä–∞–π–æ–Ω, –Ω–∞—Å–µ–ª—ë–Ω–Ω—ã–π –ø—É–Ω–∫—Ç –ë–∞—Ä–¥–∞–Ω–∫—É–ª—å","41.254798, 69.384138",–ù–µ—Ç –∏–Ω—Ñ–æ—Ä–º–∞—Ü–∏–∏,https://yandex.uz/maps/-/CDTPAZJx,true,,,true,,,,24/7,,,,,,,,ozhiganovavar@gmail.com,Ozhiganova Varya,10.4.2024,,,,,
OX2tmSwEQLOkKJhVK8LK2A,–ê–ó–°,–ê–ó–°,"–¢–∞—à–∫–µ–Ω—Ç, –ë–µ–∫—Ç–µ–º–∏—Ä—Å–∫–∏–π —Ä–∞–π–æ–Ω, –º–∞—Ö–∞–ª–ª–∏–Ω—Å–∫–∏–π —Å—Ö–æ–¥ –≥—Ä–∞–∂–¥–∞–Ω –ú–∞–∂–Ω—É–Ω—Ç–æ–ª","41.246607, 69.391663",–ù–µ—Ç –∏–Ω—Ñ–æ—Ä–º–∞—Ü–∏–∏,https://yandex.uz/maps/-/CDTPA-O1,true,,,,,,,24/7,,,,,,,,ozhiganovavar@gmail.com,Ozhiganova Varya,10.4.2024,,,,,
Ilh1wmeeQnqFKwgdGmrwWQ,–ú–ï–¢–ê–ù,–ê–ó–°,"–¢–∞—à–∫–µ–Ω—Ç, –ë–µ–∫—Ç–µ–º–∏—Ä—Å–∫–∏–π —Ä–∞–π–æ–Ω, –º–∞—Ö–∞–ª–ª–∏–Ω—Å–∫–∏–π —Å—Ö–æ–¥ –≥—Ä–∞–∂–¥–∞–Ω –ú–∞–∂–Ω—É–Ω—Ç–æ–ª","41.246099, 69.392291",–ù–µ—Ç –∏–Ω—Ñ–æ—Ä–º–∞—Ü–∏–∏,https://yandex.uz/maps/-/CDTPES9K,,,,,,,,24/7,,,true,,,,,ozhiganovavar@gmail.com,Ozhiganova Varya,10.4.2024,true,true,false,,
nXMdilmvS-ulWPWJzpJLLw,–ê–ì–ó–°,–ê–ó–°,"–¢–∞—à–∫–µ–Ω—Ç—Å–∫–∞—è –æ–±–ª–∞—Å—Ç—å, –Æ–∫–∞—Ä—ã—á–∏—Ä—á–∏–∫—Å–∫–∏–π —Ä–∞–π–æ–Ω, —Å–µ–ª—å—Å–∫–∏–π —Å—Ö–æ–¥ –≥—Ä–∞–∂–¥–∞–Ω –¢–∏–Ω—á–ª–∏–∫","41.224257, 69.401245",–ù–µ—Ç –∏–Ω—Ñ–æ—Ä–º–∞—Ü–∏–∏,https://yandex.uz/maps/-/CDTPIXLY,false,,,,,,,–ù–µ—Ç –∏–Ω—Ñ–æ—Ä–º–∞—Ü–∏–∏,true,,false,,,,,ozhiganovavar@gmail.com,Ozhiganova Varya,10.4.2024,true,true,true,true,
7PqOy.CQTAqIvVNNG-5YXA,–ê–ì–ó–°,–ê–ó–°,"–¢–∞—à–∫–µ–Ω—Ç, –ù–æ–≤—ã–π –¢–∞—à–∫–µ–Ω—Ç—Å–∫–∏–π —Ä–∞–π–æ–Ω","41.208187, 69.403486",–ù–µ—Ç –∏–Ω—Ñ–æ—Ä–º–∞—Ü–∏–∏,https://yandex.uz/maps/-/CDTPU21P,,,,,,,true,–ù–µ—Ç –∏–Ω—Ñ–æ—Ä–º–∞—Ü–∏–∏,,,,,,,,ozhiganovavar@gmail.com,Ozhiganova Varya,10.4.2024,true,true,true,,
UJ3yI.5LTrqBBboZJHT32w,–ê–ó–°,–ê–ó–°,"–¢–∞—à–∫–µ–Ω—Ç, –ù–æ–≤—ã–π –¢–∞—à–∫–µ–Ω—Ç—Å–∫–∏–π —Ä–∞–π–æ–Ω","41.186228, 69.402798",–ù–µ—Ç –∏–Ω—Ñ–æ—Ä–º–∞—Ü–∏–∏,https://yandex.uz/maps/-/CDTPY67g,true,,,,,,false,–ù–µ—Ç –∏–Ω—Ñ–æ—Ä–º–∞—Ü–∏–∏,,,,,,,,ozhiganovavar@gmail.com,Ozhiganova Varya,10.4.2024,,,,,
RIxhmp6.TfCrnXQD7E8C-Q,Shosh Gaz,–ê–ó–°,"–¢–∞—à–∫–µ–Ω—Ç, –ù–æ–≤—ã–π –¢–∞—à–∫–µ–Ω—Ç—Å–∫–∏–π —Ä–∞–π–æ–Ω","41.182476, 69.406908",+998 98 500 79 99,https://yandex.uz/maps/-/CDTPYT5W,,,,,,,,24/7,,,,,,,,ozhiganovavar@gmail.com,Ozhiganova Varya,10.4.2024,true,false,true,,
AAr.0UohSd-abHvNzd64AQ,–ú–ï–¢–ê–ù,–ê–ó–°,"–¢–∞—à–∫–µ–Ω—Ç—Å–∫–∞—è –æ–±–ª–∞—Å—Ç—å, –Æ–∫–∞—Ä—ã—á–∏—Ä—á–∏–∫—Å–∫–∏–π —Ä–∞–π–æ–Ω","41.147963, 69.430281",–ù–µ—Ç –∏–Ω—Ñ–æ—Ä–º–∞—Ü–∏–∏,https://yandex.uz/maps/-/CDTP4DIN,,,,,,,,–ù–µ—Ç –∏–Ω—Ñ–æ—Ä–º–∞—Ü–∏–∏,,,,,,,,ozhiganovavar@gmail.com,Ozhiganova Varya,10.4.2024,true,true,false,,
uU8jQX0QSh6c9INeuw-1JQ,–ê–ó–°,–ê–ó–°,"–¢–∞—à–∫–µ–Ω—Ç—Å–∫–∞—è –æ–±–ª–∞—Å—Ç—å, –Æ–∫–∞—Ä—ã—á–∏—Ä—á–∏–∫—Å–∫–∏–π —Ä–∞–π–æ–Ω","41.122796, 69.441299",–ù–µ—Ç –∏–Ω—Ñ–æ—Ä–º–∞—Ü–∏–∏,https://yandex.uz/maps/-/CDTPaYLS,true,,,true,,,,–ù–µ—Ç –∏–Ω—Ñ–æ—Ä–º–∞—Ü–∏–∏,,,,,,,,ozhiganovavar@gmail.com,Ozhiganova Varya,10.4.2024,,,,,
Cf2lcSiHQd2e3cVPh27Dog,–ê–ó–°,–ê–ó–°,"–¢–∞—à–∫–µ–Ω—Ç—Å–∫–∞—è –æ–±–ª–∞—Å—Ç—å, –£—Ä—Ç–∞—á–∏—Ä—á–∏–∫—Å–∫–∏–π —Ä–∞–π–æ–Ω","41.120495, 69.440797",–ù–µ—Ç –∏–Ω—Ñ–æ—Ä–º–∞—Ü–∏–∏,https://yandex.uz/maps/-/CDTPaX1m,true,,,,,,,–ù–µ—Ç –∏–Ω—Ñ–æ—Ä–º–∞—Ü–∏–∏,,,,,,,,ozhiganovavar@gmail.com,Ozhiganova Varya,10.4.2024,,,,,
yIJq-.1zSnOtEOoWRFFVLw,–ê–ó–°,–ê–ó–°,"–¢–∞—à–∫–µ–Ω—Ç—Å–∫–∞—è –æ–±–ª–∞—Å—Ç—å, –ê—Ö–∞–Ω–≥–∞—Ä–∞–Ω—Å–∫–∏–π —Ä–∞–π–æ–Ω","41.086268, 69.467448",–ù–µ—Ç –∏–Ω—Ñ–æ—Ä–º–∞—Ü–∏–∏,https://yandex.uz/maps/-/CDTPeDOK,,,,,,,,–ù–µ—Ç –∏–Ω—Ñ–æ—Ä–º–∞—Ü–∏–∏,,,,,,,,ozhiganovavar@gmail.com,Ozhiganova Varya,10.4.2024,true,,,,
hVUQu9vKSra4WnLov33tNA,–ê–ì–ù–ö–°,–ê–ó–°,"–¢–∞—à–∫–µ–Ω—Ç—Å–∫–∞—è –æ–±–ª–∞—Å—Ç—å, –ê—Ö–∞–Ω–≥–∞—Ä–∞–Ω—Å–∫–∏–π —Ä–∞–π–æ–Ω","41.077671, 69.470855",–ù–µ—Ç –∏–Ω—Ñ–æ—Ä–º–∞—Ü–∏–∏,https://yandex.uz/maps/-/CDTPiFIx,,,,,,,,–ù–µ—Ç –∏–Ω—Ñ–æ—Ä–º–∞—Ü–∏–∏,true,,,,,,,ozhiganovavar@gmail.com,Ozhiganova Varya,10.4.2024,true,,,,
RevegSQ6Qoylg5K.Mh9eVA,–ê–ó–°,–ê–ó–°,"–¢–∞—à–∫–µ–Ω—Ç—Å–∫–∞—è –æ–±–ª–∞—Å—Ç—å, –ê—Ö–∞–Ω–≥–∞—Ä–∞–Ω—Å–∫–∏–π —Ä–∞–π–æ–Ω","41.086756, 69.466213",–ù–µ—Ç –∏–Ω—Ñ–æ—Ä–º–∞—Ü–∏–∏,https://yandex.uz/maps/-/CDTPiTyM,true,,,,,,,–ù–µ—Ç –∏–Ω—Ñ–æ—Ä–º–∞—Ü–∏–∏,,,,,,,,ozhiganovavar@gmail.com,Ozhiganova Varya,10.4.2024,,,,,
BhsveYrrT1-2a2M2cE0C4Q,–®–∞—Ñ—Ñ–æ—Ñ,–ê–ó–°,"–¢–∞—à–∫–µ–Ω—Ç—Å–∫–∞—è –æ–±–ª–∞—Å—Ç—å, –ê—Ö–∞–Ω–≥–∞—Ä–∞–Ω—Å–∫–∏–π —Ä–∞–π–æ–Ω","40.993581, 69.532349",–ù–µ—Ç –∏–Ω—Ñ–æ—Ä–º–∞—Ü–∏–∏,https://yandex.uz/maps/-/CDTPmH6X,true,,,,,,,–ù–µ—Ç –∏–Ω—Ñ–æ—Ä–º–∞—Ü–∏–∏,,,,,,,,ozhiganovavar@gmail.com,Ozhiganova Varya,10.4.2024,,,,,
IvjiRjdCRWKCOSBBgP9NJA,UNG Petro,–ê–ó–°,"–¢–∞—à–∫–µ–Ω—Ç—Å–∫–∞—è –æ–±–ª–∞—Å—Ç—å, –ê—Ö–∞–Ω–≥–∞—Ä–∞–Ω—Å–∫–∏–π —Ä–∞–π–æ–Ω","40.991629, 69.531874",–ù–µ—Ç –∏–Ω—Ñ–æ—Ä–º–∞—Ü–∏–∏,https://yandex.uz/maps/-/CDTPqIn-,true,true,,true,,,,–ù–µ—Ç –∏–Ω—Ñ–æ—Ä–º–∞—Ü–∏–∏,,,,,,,,ozhiganovavar@gmail.com,Ozhiganova Varya,10.4.2024,,,,,
mPwBfig0SiO5ZvFVMnzbHQ,–ê–ó–°,–ê–ó–°,"–¢–∞—à–∫–µ–Ω—Ç—Å–∫–∞—è –æ–±–ª–∞—Å—Ç—å, –ê—Ö–∞–Ω–≥–∞—Ä–∞–Ω—Å–∫–∏–π —Ä–∞–π–æ–Ω","40.941634, 69.582520",–ù–µ—Ç –∏–Ω—Ñ–æ—Ä–º–∞—Ü–∏–∏,https://yandex.uz/maps/-/CDTPqOIx,true,,,,,,,–ù–µ—Ç –∏–Ω—Ñ–æ—Ä–º–∞—Ü–∏–∏,,,,,,,,ozhiganovavar@gmail.com,Ozhiganova Varya,10.4.2024,,,,,
jkb0r.9lSU-NywBHaByBFw,–ê–ì–ù–ö–° –ú–µ—Ç–∞–Ω,–ê–ó–°,"–¢–∞—à–∫–µ–Ω—Ç—Å–∫–∞—è –æ–±–ª–∞—Å—Ç—å, –ê—Ö–∞–Ω–≥–∞—Ä–∞–Ω—Å–∫–∏–π —Ä–∞–π–æ–Ω","40.935443, 69.590458",–ù–µ—Ç –∏–Ω—Ñ–æ—Ä–º–∞—Ü–∏–∏,https://yandex.uz/maps/-/CDTPqD5p,true,,,,,,,24/7 (–≤—Ç - –≤—ã—Ö–æ–¥–Ω–æ–π),true,,true,,,,,ozhiganovavar@gmail.com,Ozhiganova Varya,10.4.2024,true,true,false,,
kfjULbnsSkmIjUaWlkikeA,–ê–ó–° Metan,–ê–ó–°,"–¢–∞—à–∫–µ–Ω—Ç—Å–∫–∞—è –æ–±–ª–∞—Å—Ç—å, –ê—Ö–∞–Ω–≥–∞—Ä–∞–Ω—Å–∫–∏–π —Ä–∞–π–æ–Ω","40.932294, 69.593387",–ù–µ—Ç –∏–Ω—Ñ–æ—Ä–º–∞—Ü–∏–∏,https://yandex.uz/maps/-/CDXYAPjJ,true,,,,,,,–ù–µ—Ç –∏–Ω—Ñ–æ—Ä–º–∞—Ü–∏–∏,,,,,,,,ozhiganovavar@gmail.com,Ozhiganova Varya,10.4.2024,,,,,
O1g5Nr.-QMy0sUNT9NPjSA,AS servis,–ê–ó–°,"–¢–∞—à–∫–µ–Ω—Ç—Å–∫–∞—è –æ–±–ª–∞—Å—Ç—å, –ê—Ö–∞–Ω–≥–∞—Ä–∞–Ω—Å–∫–∏–π —Ä–∞–π–æ–Ω, –Ω–∞—Å–µ–ª—ë–Ω–Ω—ã–π –ø—É–Ω–∫—Ç –ù—É–≥–∞–π–∫—É—Ä–≥–∞–Ω","40.910466, 69.617608",–ù–µ—Ç –∏–Ω—Ñ–æ—Ä–º–∞—Ü–∏–∏,https://yandex.uz/maps/-/CDXYEA0A,true,,,,,,,–ù–µ—Ç –∏–Ω—Ñ–æ—Ä–º–∞—Ü–∏–∏,,,,,,,,ozhiganovavar@gmail.com,Ozhiganova Varya,10.7.2024,,,,,
BIwSjetgRv6-wxES6csxbw,–ê–ó–°,–ê–ó–°,"–¢–∞—à–∫–µ–Ω—Ç—Å–∫–∞—è –æ–±–ª–∞—Å—Ç—å, –ê—Ö–∞–Ω–≥–∞—Ä–∞–Ω","40.900517, 69.655736",–ù–µ—Ç –∏–Ω—Ñ–æ—Ä–º–∞—Ü–∏–∏,https://yandex.uz/maps/-/CDXYEMiX,true,,,,,,,–ù–µ—Ç –∏–Ω—Ñ–æ—Ä–º–∞—Ü–∏–∏,,,,,,,,ozhiganovavar@gmail.com,Ozhiganova Varya,10.7.2024,,,,,
yMrKhLeTQzu2qr9cm3uQtQ,–ê–ó–°,–ê–ó–°,"–¢–∞—à–∫–µ–Ω—Ç—Å–∫–∞—è –æ–±–ª–∞—Å—Ç—å, –ê—Ö–∞–Ω–≥–∞—Ä–∞–Ω","40.898856, 69.660346",–ù–µ—Ç –∏–Ω—Ñ–æ—Ä–º–∞—Ü–∏–∏,https://yandex.uz/maps/-/CDXYEMjy,true,,,,,,,24/7,true,,,,,,,ozhiganovavar@gmail.com,Ozhiganova Varya,10.7.2024,true,,true,,
Cd7249WMRSWcbBroBA1Isg,"–ê–ì–ù–°, –ê–ì–ó–°, –ê–ì–ù–ö–°",–ê–ó–°,"–¢–∞—à–∫–µ–Ω—Ç—Å–∫–∞—è –æ–±–ª–∞—Å—Ç—å, –ê—Ö–∞–Ω–≥–∞—Ä–∞–Ω—Å–∫–∏–π —Ä–∞–π–æ–Ω","40.972829, 69.544805",–ù–µ—Ç –∏–Ω—Ñ–æ—Ä–º–∞—Ü–∏–∏,https://yandex.uz/maps/-/CDXYEFzR,,,,,,,true,–ù–µ—Ç –∏–Ω—Ñ–æ—Ä–º–∞—Ü–∏–∏,,,,,,,,ozhiganovavar@gmail.com,Ozhiganova Varya,10.7.2024,true,,,,
rYZmBd.ITl-ll90AzclQ0Q,"–ê–ì–ù–°, –ê–ì–ó–°, –ê–ì–ù–ö–°",–ê–ó–°,"–¢–∞—à–∫–µ–Ω—Ç—Å–∫–∞—è –æ–±–ª–∞—Å—Ç—å, –ê—Ö–∞–Ω–≥–∞—Ä–∞–Ω—Å–∫–∏–π —Ä–∞–π–æ–Ω","40.956714, 69.562079",–ù–µ—Ç –∏–Ω—Ñ–æ—Ä–º–∞—Ü–∏–∏,https://yandex.uz/maps/-/CDXYEJyN,,,,,,,,–ù–µ—Ç –∏–Ω—Ñ–æ—Ä–º–∞—Ü–∏–∏,,,,,,,,ozhiganovavar@gmail.com,Ozhiganova Varya,10.7.2024,true,,,,
57.985yKS1i1Kz8tMvbBSQ,–ú–µ—Ç–∞–Ω,–ê–ó–°,"–¢–∞—à–∫–µ–Ω—Ç—Å–∫–∞—è –æ–±–ª–∞—Å—Ç—å, –ê—Ö–∞–Ω–≥–∞—Ä–∞–Ω—Å–∫–∏–π —Ä–∞–π–æ–Ω","40.942159, 69.579012",–ù–µ—Ç –∏–Ω—Ñ–æ—Ä–º–∞—Ü–∏–∏,https://yandex.uz/maps/-/CDXYEVnu,,,,,,,,–ù–µ—Ç –∏–Ω—Ñ–æ—Ä–º–∞—Ü–∏–∏,true,,true,true,,,,ozhiganovavar@gmail.com,Ozhiganova Varya,10.7.2024,true,true,,,
nOTzoPI3TACkcxhVaARgiA,–ê–ì–ù–ö–° –ú–µ—Ç–∞–Ω,–ê–ó–°,"–¢–∞—à–∫–µ–Ω—Ç—Å–∫–∞—è –æ–±–ª–∞—Å—Ç—å, –ê—Ö–∞–Ω–≥–∞—Ä–∞–Ω—Å–∫–∏–π —Ä–∞–π–æ–Ω","40.941360, 69.583024",+998 99 855 00 45,https://yandex.uz/maps/-/CDXYEZIp,,,,,,,,24/7,true,,true,true,,,,ozhiganovavar@gmail.com,Ozhiganova Varya,10.7.2024,true,true,,,
XixAKE8lRn66Y.xKWkTOKw,–ê–ì–ù–ö–° –ú–µ—Ç–∞–Ω,–ê–ó–°,"–¢–∞—à–∫–µ–Ω—Ç—Å–∫–∞—è –æ–±–ª–∞—Å—Ç—å, –ê—Ö–∞–Ω–≥–∞—Ä–∞–Ω—Å–∫–∏–π —Ä–∞–π–æ–Ω","40.929159, 69.594458",–ù–µ—Ç –∏–Ω—Ñ–æ—Ä–º–∞—Ü–∏–∏,https://yandex.uz/maps/-/CDXYEGp9,,,,,,,,–ù–µ—Ç –∏–Ω—Ñ–æ—Ä–º–∞—Ü–∏–∏,,,,,,,,ozhiganovavar@gmail.com,Ozhiganova Varya,10.7.2024,true,true,,,
Mp2vKXeoRWWTGVyMNiPs.w,–ú–µ—Ç–∞–Ω,–ê–ó–°,"–¢–∞—à–∫–µ–Ω—Ç—Å–∫–∞—è –æ–±–ª–∞—Å—Ç—å, –ê—Ö–∞–Ω–≥–∞—Ä–∞–Ω—Å–∫–∏–π —Ä–∞–π–æ–Ω","40.917878, 69.600401",–ù–µ—Ç –∏–Ω—Ñ–æ—Ä–º–∞—Ü–∏–∏,https://yandex.uz/maps/-/CDXYEOJK,,,,,,,,–ù–µ—Ç –∏–Ω—Ñ–æ—Ä–º–∞—Ü–∏–∏,,,,,,,,ozhiganovavar@gmail.com,Ozhiganova Varya,10.7.2024,true,true,,,
a.5otFzVYR-2x2K7xNtt2UA,Davr Oil,–ê–ó–°,"–¢–∞—à–∫–µ–Ω—Ç—Å–∫–∞—è –æ–±–ª–∞—Å—Ç—å, –ê—Ö–∞–Ω–≥–∞—Ä–∞–Ω","40.899553, 69.657207",+998 98 302 56 56,https://yandex.uz/maps/-/CDXYES7w,true,true,true,,,,,24/7,true,,true,true,,,true,ozhiganovavar@gmail.com,Ozhiganova Varya,10.7.2024,true,,,true,
L5RCpNGuT3-c8JbWoVlHlA,–ê–ì–ó–°,–ê–ó–°,"–¢–∞—à–∫–µ–Ω—Ç—Å–∫–∞—è –æ–±–ª–∞—Å—Ç—å, –ê—Ö–∞–Ω–≥–∞—Ä–∞–Ω","40.898518, 69.662760",–ù–µ—Ç –∏–Ω—Ñ–æ—Ä–º–∞—Ü–∏–∏,https://yandex.uz/maps/-/CDXYEH4i,,,,,,,,06:00 ‚Äì 17:00,,,,,,,,ozhiganovavar@gmail.com,Ozhiganova Varya,10.7.2024,true,,,,
zSKngPTnTJ2MpLZTRSDjdA,–ê–ì–ó–°,–ê–ó–°,"–¢–∞—à–∫–µ–Ω—Ç—Å–∫–∞—è –æ–±–ª–∞—Å—Ç—å, –ê—Ö–∞–Ω–≥–∞—Ä–∞–Ω","40.898842, 69.669263",–ù–µ—Ç –∏–Ω—Ñ–æ—Ä–º–∞—Ü–∏–∏,https://yandex.uz/maps/-/CDXYELjA,,,,,,,,–ù–µ—Ç –∏–Ω—Ñ–æ—Ä–º–∞—Ü–∏–∏,,,,,,,,ozhiganovavar@gmail.com,Ozhiganova Varya,10.7.2024,true,,,,
M-bqR3jITbec8rOvBGQewQ,–ú–ü–û,–ê–ó–°,"–¢–∞—à–∫–µ–Ω—Ç—Å–∫–∞—è –æ–±–ª–∞—Å—Ç—å, –ê—Ö–∞–Ω–≥–∞—Ä–∞–Ω—Å–∫–∏–π —Ä–∞–π–æ–Ω, –≥–æ—Ä–æ–¥—Å–∫–æ–π –ø–æ—Å—ë–ª–æ–∫ –ö–∞—Ä–∞–∫–∏—Ç–∞–π","40.898497, 69.673625",+998 95 177 70 59,https://yandex.uz/maps/-/CDXYEL9h,,,,,,,,–ù–µ—Ç –∏–Ω—Ñ–æ—Ä–º–∞—Ü–∏–∏,true,,,,,,,ozhiganovavar@gmail.com,Ozhiganova Varya,10.7.2024,true,,,true,
a-EfwTlyfQsiZtb6HT4TRPQ,–ê–ì–ó–°,–ê–ó–°,"–¢–∞—à–∫–µ–Ω—Ç—Å–∫–∞—è –æ–±–ª–∞—Å—Ç—å, –ê—Ö–∞–Ω–≥–∞—Ä–∞–Ω—Å–∫–∏–π —Ä–∞–π–æ–Ω, –≥–æ—Ä–æ–¥—Å–∫–æ–π –ø–æ—Å—ë–ª–æ–∫ –Ø–Ω–∞—Ä—ã–∫","40.909778, 69.786441",–ù–µ—Ç –∏–Ω—Ñ–æ—Ä–º–∞—Ü–∏–∏,https://yandex.uz/maps/-/CDXYE2lo,,,,,,,,–ù–µ—Ç –∏–Ω—Ñ–æ—Ä–º–∞—Ü–∏–∏,true,,,,,,,ozhiganovavar@gmail.com,Ozhiganova Varya,10.7.2024,true,,,,
wIk2IGFkSFC1dSU36K4ZUA,–ê–ó–°,–ê–ó–°,"–¢–∞—à–∫–µ–Ω—Ç—Å–∫–∞—è –æ–±–ª–∞—Å—Ç—å, –ê—Ö–∞–Ω–≥–∞—Ä–∞–Ω—Å–∫–∏–π —Ä–∞–π–æ–Ω","40.910295, 69.813400",–ù–µ—Ç –∏–Ω—Ñ–æ—Ä–º–∞—Ü–∏–∏,https://yandex.uz/maps/-/CDXYEXlA,true,,,,,,,–ù–µ—Ç –∏–Ω—Ñ–æ—Ä–º–∞—Ü–∏–∏,,,,,,,,ozhiganovavar@gmail.com,Ozhiganova Varya,10.7.2024,,,,,
GrGa7NeCRUGUdI-PIZsK3w,–ê–ì–ó–°,–ê–ó–°,"–¢–∞—à–∫–µ–Ω—Ç—Å–∫–∞—è –æ–±–ª–∞—Å—Ç—å, –ê–Ω–≥—Ä–µ–Ω, –≥–æ—Ä–æ–¥—Å–∫–æ–π –ø–æ—Å—ë–ª–æ–∫ –ù—É—Ä–∞–±–∞–¥","40.907834, 69.793271",–ù–µ—Ç –∏–Ω—Ñ–æ—Ä–º–∞—Ü–∏–∏,https://yandex.uz/maps/-/CDXYE2Oo,true,,,,,,,–ù–µ—Ç –∏–Ω—Ñ–æ—Ä–º–∞—Ü–∏–∏,,,,,,,,ozhiganovavar@gmail.com,Ozhiganova Varya,10.7.2024,true,,,,
a-KyXA1pgRce4Lnpih6H.xg,–ê–ó–°,–ê–ó–°,"–¢–∞—à–∫–µ–Ω—Ç—Å–∫–∞—è –æ–±–ª–∞—Å—Ç—å, –ê—Ö–∞–Ω–≥–∞—Ä–∞–Ω—Å–∫–∏–π —Ä–∞–π–æ–Ω","40.929894, 69.868454",–ù–µ—Ç –∏–Ω—Ñ–æ—Ä–º–∞—Ü–∏–∏,https://yandex.uz/maps/-/CDXYIEZt,true,,,,,,,–ù–µ—Ç –∏–Ω—Ñ–æ—Ä–º–∞—Ü–∏–∏,,,,,,,,ozhiganovavar@gmail.com,Ozhiganova Varya,10.7.2024,,,,,
HKoHtXuLSZGxsbQjCgXFJw,–ê–ó–°,–ê–ó–°,"–¢–∞—à–∫–µ–Ω—Ç—Å–∫–∞—è –æ–±–ª–∞—Å—Ç—å, –ê—Ö–∞–Ω–≥–∞—Ä–∞–Ω—Å–∫–∏–π —Ä–∞–π–æ–Ω","40.932262, 69.881470",–ù–µ—Ç –∏–Ω—Ñ–æ—Ä–º–∞—Ü–∏–∏,https://yandex.uz/maps/-/CDXYIELc,true,,,,,,,–ù–µ—Ç –∏–Ω—Ñ–æ—Ä–º–∞—Ü–∏–∏,,,,,,,,ozhiganovavar@gmail.com,Ozhiganova Varya,10.7.2024,,,,,
fIwLgmExRua1zAlD-Ip-OQ,"–ê–ì–ù–°, –ê–ì–ó–°, –ê–ì–ù–ö–°",–ê–ó–°,"–¢–∞—à–∫–µ–Ω—Ç—Å–∫–∞—è –æ–±–ª–∞—Å—Ç—å, –ê—Ö–∞–Ω–≥–∞—Ä–∞–Ω—Å–∫–∏–π —Ä–∞–π–æ–Ω, —Å–µ–ª–æ –£–≤–∞–∫","40.967539, 69.959981",–ù–µ—Ç –∏–Ω—Ñ–æ—Ä–º–∞—Ü–∏–∏,https://yandex.uz/maps/-/CDXYII-2,,,,,,,,–ù–µ—Ç –∏–Ω—Ñ–æ—Ä–º–∞—Ü–∏–∏,,,,,,,,ozhiganovavar@gmail.com,Ozhiganova Varya,10.7.2024,true,true,,,
vY-R8y8hQ0yK4.xLyIqWTA,–ê–ó–°,–ê–ó–°,"–¢–∞—à–∫–µ–Ω—Ç—Å–∫–∞—è –æ–±–ª–∞—Å—Ç—å, –ê—Ö–∞–Ω–≥–∞—Ä–∞–Ω—Å–∫–∏–π —Ä–∞–π–æ–Ω, —Å–µ–ª–æ –£–≤–∞–∫","40.968278, 69.974148",–ù–µ—Ç –∏–Ω—Ñ–æ—Ä–º–∞—Ü–∏–∏,https://yandex.uz/maps/-/CDXYIMiD,true,true,,true,,,,–ù–µ—Ç –∏–Ω—Ñ–æ—Ä–º–∞—Ü–∏–∏,,,,,,,,ozhiganovavar@gmail.com,Ozhiganova Varya,10.7.2024,false,,,,
G-WIqo3bRZWf7ALCfO-f5A,–ê–ó–°,–ê–ó–°,"–¢–∞—à–∫–µ–Ω—Ç—Å–∫–∞—è –æ–±–ª–∞—Å—Ç—å, –ê–Ω–≥—Ä–µ–Ω","40.985152, 70.027047",–ù–µ—Ç –∏–Ω—Ñ–æ—Ä–º–∞—Ü–∏–∏,https://yandex.uz/maps/-/CDXD52NY,true,,,,,,,–ù–µ—Ç –∏–Ω—Ñ–æ—Ä–º–∞—Ü–∏–∏,,,,,,,,ozhiganovavar@gmail.com,Ozhiganova Varya,10.14.2024,,,,,
roqH2im3Qvm43Jy9OFuDRQ,–ê–ó–°,–ê–ó–°,"–¢–∞—à–∫–µ–Ω—Ç—Å–∫–∞—è –æ–±–ª–∞—Å—Ç—å, –ê–Ω–≥—Ä–µ–Ω","40.985325, 70.027653",–ù–µ—Ç –∏–Ω—Ñ–æ—Ä–º–∞—Ü–∏–∏,https://yandex.uz/maps/-/CDXDBJ2a,true,,,,,,,–ù–µ—Ç –∏–Ω—Ñ–æ—Ä–º–∞—Ü–∏–∏,,,,,,,,ozhiganovavar@gmail.com,Ozhiganova Varya,10.14.2024,,,,,
21ntUs-7TeCtqtAGAI5fiQ,–ê–ó–°,–ê–ó–°,"–¢–∞—à–∫–µ–Ω—Ç—Å–∫–∞—è –æ–±–ª–∞—Å—Ç—å, –ê–Ω–≥—Ä–µ–Ω","40.987330, 70.027806",–ù–µ—Ç –∏–Ω—Ñ–æ—Ä–º–∞—Ü–∏–∏,https://yandex.uz/maps/-/CDXDBHKd,true,,,,,,,–ù–µ—Ç –∏–Ω—Ñ–æ—Ä–º–∞—Ü–∏–∏,,,,,,,,ozhiganovavar@gmail.com,Ozhiganova Varya,10.14.2024,,,,,
Z6uCOcs1TXmkqW4Y94-aeg,Kosko oil,–ê–ó–°,"–¢–∞—à–∫–µ–Ω—Ç—Å–∫–∞—è –æ–±–ª–∞—Å—Ç—å, –ê–Ω–≥—Ä–µ–Ω","40.987051, 70.035940",–ù–µ—Ç –∏–Ω—Ñ–æ—Ä–º–∞—Ü–∏–∏,https://yandex.uz/maps/-/CDXDFM7F,true,,,,,,,–ù–µ—Ç –∏–Ω—Ñ–æ—Ä–º–∞—Ü–∏–∏,true,,true,true,,,,ozhiganovavar@gmail.com,Ozhiganova Varya,10.14.2024,,,,,
8HQrkWHeTeqO2i4zCmaoIA,–ê–ó–°,–ê–ó–°,"–¢–∞—à–∫–µ–Ω—Ç—Å–∫–∞—è –æ–±–ª–∞—Å—Ç—å, –ê–Ω–≥—Ä–µ–Ω","40.989405, 70.040906",–ù–µ—Ç –∏–Ω—Ñ–æ—Ä–º–∞—Ü–∏–∏,https://yandex.uz/maps/-/CDXDJQ6m,true,,,,,,,–ù–µ—Ç –∏–Ω—Ñ–æ—Ä–º–∞—Ü–∏–∏,,,,,,,,ozhiganovavar@gmail.com,Ozhiganova Varya,10.14.2024,,,,,
RE-zCKOUQ5-zo2K.4rbayg,UNG Petro,–ê–ó–°,"–¢–∞—à–∫–µ–Ω—Ç—Å–∫–∞—è –æ–±–ª–∞—Å—Ç—å, –ê–Ω–≥—Ä–µ–Ω","40.993089, 70.052421",+998 559 00 29 75,https://yandex.uz/maps/-/CDXDNC7U,true,true,,true,,,true,24/7,true,,,,,,,ozhiganovavar@gmail.com,Ozhiganova Varya,10.14.2024,,,,,
a-Z-zLSQ8SkqCmH3h0HNLzg,–ê–ó–°,–ê–ó–°,"–¢–∞—à–∫–µ–Ω—Ç—Å–∫–∞—è –æ–±–ª–∞—Å—Ç—å, –ê–Ω–≥—Ä–µ–Ω","40.996946, 70.069057",–ù–µ—Ç –∏–Ω—Ñ–æ—Ä–º–∞—Ü–∏–∏,https://yandex.uz/maps/-/CDXDRCIR,true,,,,true,,,–ù–µ—Ç –∏–Ω—Ñ–æ—Ä–º–∞—Ü–∏–∏,,,,,,,,ozhiganovavar@gmail.com,Ozhiganova Varya,10.14.2024,,,,,
BzUgac95Q.ywCGEQS0wzNA,–ê–ó–°,–ê–ó–°,"–¢–∞—à–∫–µ–Ω—Ç—Å–∫–∞—è –æ–±–ª–∞—Å—Ç—å, –ê–Ω–≥—Ä–µ–Ω","41.006963, 70.091622",–ù–µ—Ç –∏–Ω—Ñ–æ—Ä–º–∞—Ü–∏–∏,https://yandex.uz/maps/-/CDXDRXPo,true,,,,,,,–ù–µ—Ç –∏–Ω—Ñ–æ—Ä–º–∞—Ü–∏–∏,,,,,,,,ozhiganovavar@gmail.com,Ozhiganova Varya,10.14.2024,,,,,
dFIHRPkaRemfYocC6gHmnA,–ê–ó–°,–ê–ó–°,"–¢–∞—à–∫–µ–Ω—Ç—Å–∫–∞—è –æ–±–ª–∞—Å—Ç—å, –ê–Ω–≥—Ä–µ–Ω","41.009600, 70.098498",–ù–µ—Ç –∏–Ω—Ñ–æ—Ä–º–∞—Ü–∏–∏,https://yandex.uz/maps/-/CDXDV4ic,true,,,,,,,–ù–µ—Ç –∏–Ω—Ñ–æ—Ä–º–∞—Ü–∏–∏,,,,,,,,ozhiganovavar@gmail.com,Ozhiganova Varya,10.14.2024,,,,,
0U3fHZBFSsSyFNiSQ1BiYQ,–ê–ó–°,–ê–ó–°,"–¢–∞—à–∫–µ–Ω—Ç—Å–∫–∞—è –æ–±–ª–∞—Å—Ç—å, –ê–Ω–≥—Ä–µ–Ω","41.009959, 70.098253",–ù–µ—Ç –∏–Ω—Ñ–æ—Ä–º–∞—Ü–∏–∏,https://yandex.uz/maps/-/CDXDVR~e,true,,,,,,,–ù–µ—Ç –∏–Ω—Ñ–æ—Ä–º–∞—Ü–∏–∏,,,,,,,,ozhiganovavar@gmail.com,Ozhiganova Varya,10.14.2024,,,,,
cQUf0jjuTSmNj82cZBPIXw,–ê–ì–ó–°,–ê–ó–°,"–¢–∞—à–∫–µ–Ω—Ç—Å–∫–∞—è –æ–±–ª–∞—Å—Ç—å, –ê–Ω–≥—Ä–µ–Ω","40.979052, 70.046856",–ù–µ—Ç –∏–Ω—Ñ–æ—Ä–º–∞—Ü–∏–∏,https://yandex.uz/maps/-/CDXDrPo4,,,,,,,,–ù–µ—Ç –∏–Ω—Ñ–æ—Ä–º–∞—Ü–∏–∏,,,,,,,,ozhiganovavar@gmail.com,Ozhiganova Varya,10.14.2024,true,,,,
E7gTG9UDT1WyA5tmg7yN2w,–ê–ì–ó–°,–ê–ó–°,"–¢–∞—à–∫–µ–Ω—Ç—Å–∫–∞—è –æ–±–ª–∞—Å—Ç—å, –ê–Ω–≥—Ä–µ–Ω","40.992781, 70.051578",–ù–µ—Ç –∏–Ω—Ñ–æ—Ä–º–∞—Ü–∏–∏,https://yandex.uz/maps/-/CDXDZYyh,,,,,,,,–ù–µ—Ç –∏–Ω—Ñ–æ—Ä–º–∞—Ü–∏–∏,,,,,,,,ozhiganovavar@gmail.com,Ozhiganova Varya,10.14.2024,true,,true,,
1XUzGxKeTPSAf9054xWUKg,–ú–µ—Ç–∞–Ω –≥–∞–∑,–ê–ó–°,"–¢–∞—à–∫–µ–Ω—Ç—Å–∫–∞—è –æ–±–ª–∞—Å—Ç—å, –ê–Ω–≥—Ä–µ–Ω","41.010052, 70.100672",–ù–µ—Ç –∏–Ω—Ñ–æ—Ä–º–∞—Ü–∏–∏,https://yandex.uz/maps/-/CDXD60kp,,,,,,,,24/7,true,,,,,,,ozhiganovavar@gmail.com,Ozhiganova Varya,10.14.2024,true,true,,,
bgXrI5UfTyOTkSKkrfTzZw,–ê–ó–°,–ê–ó–°,"–¢–∞—à–∫–µ–Ω—Ç—Å–∫–∞—è –æ–±–ª–∞—Å—Ç—å, –ê–Ω–≥—Ä–µ–Ω","40.999852, 70.050047",–ù–µ—Ç –∏–Ω—Ñ–æ—Ä–º–∞—Ü–∏–∏,https://yandex.uz/maps/-/CDXDv-6T,true,,,,,,,–ù–µ—Ç –∏–Ω—Ñ–æ—Ä–º–∞—Ü–∏–∏,,,,,,,,ozhiganovavar@gmail.com,Ozhiganova Varya,10.14.2024,,,,,
ZnNHd38yQruXPA-AJc9MTg,–ê–ó–°,–ê–ó–°,"–¢–∞—à–∫–µ–Ω—Ç—Å–∫–∞—è –æ–±–ª–∞—Å—Ç—å, –ê–Ω–≥—Ä–µ–Ω","41.026597, 70.074362",–ù–µ—Ç –∏–Ω—Ñ–æ—Ä–º–∞—Ü–∏–∏,https://yandex.uz/maps/-/CDXDzSo3,true,,,,,,,–ù–µ—Ç –∏–Ω—Ñ–æ—Ä–º–∞—Ü–∏–∏,,,,,,,,ozhiganovavar@gmail.com,Ozhiganova Varya,10.14.2024,,,,,
SorYw-gvTEif6vVem09C8g,–ê–ó–°,–ê–ó–°,"–¢–∞—à–∫–µ–Ω—Ç—Å–∫–∞—è –æ–±–ª–∞—Å—Ç—å, –ê–Ω–≥—Ä–µ–Ω","40.996883, 70.096575",+998 97 885 88 48,https://yandex.uz/maps/-/CDXDzTKD,true,,,true,,,true,24/7,true,,true,true,,,,ozhiganovavar@gmail.com,Ozhiganova Varya,10.14.2024,,,,,
SDLhNN2fS-y07125uQG4vg,Global Gas,–ê–ó–°,"—É–ª. –ê–ª–∏—à–µ—Ä–∞ –ù–∞–≤–æ–∏, 1","40.995491, 70.098081",+998 71 256 08 39,https://yandex.uz/maps/-/CDXD7B5C,true,,,,,,,24/7,,,,,,,,ozhiganovavar@gmail.com,Ozhiganova Varya,10.14.2024,,,,,
F6J41vd.SoS1FJuqxI7Few,–Ø–Ω–≥–∏–π—û–ª –ú–µ—Ç–∞–Ω –ì–∞–∑,–ê–ó–°,"–¢–∞—à–∫–µ–Ω—Ç—Å–∫–∞—è –æ–±–ª–∞—Å—Ç—å, –ê–Ω–≥—Ä–µ–Ω, –º–∞—Ö–∞–ª–ª–∏–Ω—Å–∫–∏–π —Å—Ö–æ–¥ –≥—Ä–∞–∂–¥–∞–Ω 8-–ú–∞—Ä—Ç","41.026183, 70.136130",–ù–µ—Ç –∏–Ω—Ñ–æ—Ä–º–∞—Ü–∏–∏,https://yandex.uz/maps/-/CDXHAAy8,,,,,,,,24/7,,,,,,,,ozhiganovavar@gmail.com,Ozhiganova Varya,10.14.2024,true,true,,,
IeBcd9DmQ7mpiHrdfr6xbg,–ê–ó–°,–ê–ó–°,"–¢–∞—à–∫–µ–Ω—Ç—Å–∫–∞—è –æ–±–ª–∞—Å—Ç—å, –ê–Ω–≥—Ä–µ–Ω","41.031135, 70.139865",–ù–µ—Ç –∏–Ω—Ñ–æ—Ä–º–∞—Ü–∏–∏,https://yandex.uz/maps/-/CDXHAYnT,true,,,,,,,–ù–µ—Ç –∏–Ω—Ñ–æ—Ä–º–∞—Ü–∏–∏,,,,,,,,ozhiganovavar@gmail.com,Ozhiganova Varya,10.14.2024,,,,,
caB0.4w5Rt6lKhly4YG2kA,Metan,–ê–ó–°,"–ù–∞–º–∞–Ω–≥–∞–Ω—Å–∫–∞—è –æ–±–ª–∞—Å—Ç—å, –ü–∞–ø—Å–∫–∏–π —Ä–∞–π–æ–Ω","40.937713, 70.694376",–ù–µ—Ç –∏–Ω—Ñ–æ—Ä–º–∞—Ü–∏–∏,https://yandex.uz/maps/-/CDXHEMIS,,,,,,,,–ù–µ—Ç –∏–Ω—Ñ–æ—Ä–º–∞—Ü–∏–∏,,,,,,,,ozhiganovavar@gmail.com,Ozhiganova Varya,10.14.2024,true,true,,,
Wiep3731RYuBXf1Z12WOpg,–ê–ó–°,–ê–ó–°,"–ù–∞–º–∞–Ω–≥–∞–Ω—Å–∫–∞—è –æ–±–ª–∞—Å—Ç—å, –ü–∞–ø—Å–∫–∏–π —Ä–∞–π–æ–Ω, –Ω–∞—Å–µ–ª—ë–Ω–Ω—ã–π –ø—É–Ω–∫—Ç –ö—É—à–º–∏–Ω–æ—Ä","40.893759, 70.770699",–ù–µ—Ç –∏–Ω—Ñ–æ—Ä–º–∞—Ü–∏–∏,https://yandex.uz/maps/-/CDXHE6Nm,true,,,,,,,–ù–µ—Ç –∏–Ω—Ñ–æ—Ä–º–∞—Ü–∏–∏,,,,,,,,ozhiganovavar@gmail.com,Ozhiganova Varya,10.14.2024,,,,,
nO32s.LaSUadR5JcuRVhmw,AYoQSh,–ê–ó–°,"–ù–∞–º–∞–Ω–≥–∞–Ω—Å–∫–∞—è –æ–±–ª–∞—Å—Ç—å, –ü–∞–ø—Å–∫–∏–π —Ä–∞–π–æ–Ω, –Ω–∞—Å–µ–ª—ë–Ω–Ω—ã–π –ø—É–Ω–∫—Ç –ö—É—à–º–∏–Ω–æ—Ä","40.885705, 70.777001",–ù–µ—Ç –∏–Ω—Ñ–æ—Ä–º–∞—Ü–∏–∏,https://yandex.uz/maps/-/CDXHEOlu,true,,,,,,,–ù–µ—Ç –∏–Ω—Ñ–æ—Ä–º–∞—Ü–∏–∏,,,,,,,,ozhiganovavar@gmail.com,Ozhiganova Varya,10.14.2024,,,,,
5q.62J3-QCCw79MHdKfmyw,Metan CNG Station,–ê–ó–°,"–ù–∞–º–∞–Ω–≥–∞–Ω—Å–∫–∞—è –æ–±–ª–∞—Å—Ç—å, –ü–∞–ø—Å–∫–∏–π —Ä–∞–π–æ–Ω","40.870896, 70.781064",–ù–µ—Ç –∏–Ω—Ñ–æ—Ä–º–∞—Ü–∏–∏,https://yandex.uz/maps/-/CDXHIQZz,,,,,,,,–ù–µ—Ç –∏–Ω—Ñ–æ—Ä–º–∞—Ü–∏–∏,,,,,,,,ozhiganovavar@gmail.com,Ozhiganova Varya,10.14.2024,true,true,,,
gauYVxv4Qu2CCt7bHK-E7A,–ú–µ—Ç–∞–Ω,–ê–ó–°,"–ù–∞–º–∞–Ω–≥–∞–Ω—Å–∫–∞—è –æ–±–ª–∞—Å—Ç—å, –ü–∞–ø—Å–∫–∏–π —Ä–∞–π–æ–Ω","40.866934, 70.784386",–ù–µ—Ç –∏–Ω—Ñ–æ—Ä–º–∞—Ü–∏–∏,https://yandex.uz/maps/-/CDXHI4LX,,,,,,,,–ù–µ—Ç –∏–Ω—Ñ–æ—Ä–º–∞—Ü–∏–∏,,,,,,,,ozhiganovavar@gmail.com,Ozhiganova Varya,10.14.2024,true,true,,,
IsYXOvZlR7Wsnxjj1EXV2g,–ú–µ—Ç–∞–Ω,–ê–ó–°,"–ù–∞–º–∞–Ω–≥–∞–Ω—Å–∫–∞—è –æ–±–ª–∞—Å—Ç—å, –ü–∞–ø—Å–∫–∏–π —Ä–∞–π–æ–Ω","40.863249, 70.786626",–ù–µ—Ç –∏–Ω—Ñ–æ—Ä–º–∞—Ü–∏–∏,https://yandex.uz/maps/-/CDXHIWZx,,,,,,,,–ù–µ—Ç –∏–Ω—Ñ–æ—Ä–º–∞—Ü–∏–∏,,,,,,,,ozhiganovavar@gmail.com,Ozhiganova Varya,10.14.2024,true,true,,,
QSCytqq0T9ewfdyU4DH9Qg,–ú–µ—Ç–∞–Ω,–ê–ó–°,"–ù–∞–º–∞–Ω–≥–∞–Ω—Å–∫–∞—è –æ–±–ª–∞—Å—Ç—å, –ü–∞–ø—Å–∫–∏–π —Ä–∞–π–æ–Ω","40.859910, 70.786186",–ù–µ—Ç –∏–Ω—Ñ–æ—Ä–º–∞—Ü–∏–∏,https://yandex.uz/maps/-/CDXHI8N6,,,,,,,,–ù–µ—Ç –∏–Ω—Ñ–æ—Ä–º–∞—Ü–∏–∏,,,,,,,,ozhiganovavar@gmail.com,Ozhiganova Varya,10.15.2024,true,true,,,
QJ87di4xSSO93L.faQEqWA,–ê–ó–°,–ê–ó–°,"–ù–∞–º–∞–Ω–≥–∞–Ω—Å–∫–∞—è –æ–±–ª–∞—Å—Ç—å, –ü–∞–ø—Å–∫–∏–π —Ä–∞–π–æ–Ω","40.817909, 70.797732",–ù–µ—Ç –∏–Ω—Ñ–æ—Ä–º–∞—Ü–∏–∏,https://yandex.uz/maps/-/CDXHMAZ-,true,,,,,,,–ù–µ—Ç –∏–Ω—Ñ–æ—Ä–º–∞—Ü–∏–∏,,,,,,,,ozhiganovavar@gmail.com,Ozhiganova Varya,10.15.2024,,,,,
4fwrGFmjTQ2fUR13T3EEgw,–ú–µ—Ç–∞–Ω –°–µ—Ä–≤–∏—Å,–ê–ó–°,"–ù–∞–º–∞–Ω–≥–∞–Ω—Å–∫–∞—è –æ–±–ª–∞—Å—Ç—å, –ü–∞–ø—Å–∫–∏–π —Ä–∞–π–æ–Ω","40.787687, 70.811295",–ù–µ—Ç –∏–Ω—Ñ–æ—Ä–º–∞—Ü–∏–∏,https://yandex.uz/maps/-/CDXHMQld,,,,,,,,–ù–µ—Ç –∏–Ω—Ñ–æ—Ä–º–∞—Ü–∏–∏,,,,,,,,ozhiganovavar@gmail.com,Ozhiganova Varya,10.15.2024,true,true,,,
wwZGOuIuT7Ks2pMvyzUhuA,"–ê–ì–ù–°, –ê–ì–ó–°, –ê–ì–ù–ö–°",–ê–ó–°,"–ù–∞–º–∞–Ω–≥–∞–Ω—Å–∫–∞—è –æ–±–ª–∞—Å—Ç—å, –ü–∞–ø—Å–∫–∏–π —Ä–∞–π–æ–Ω","40.822903, 70.795635",–ù–µ—Ç –∏–Ω—Ñ–æ—Ä–º–∞—Ü–∏–∏,https://yandex.uz/maps/-/CDXHMSkb,,,,,,,,–ù–µ—Ç –∏–Ω—Ñ–æ—Ä–º–∞—Ü–∏–∏,,,,,,,,ozhiganovavar@gmail.com,Ozhiganova Varya,10.15.2024,true,,,,
WbuPc5n3QhaZ.DRfS60Oig,–ê–ì–ó–°,–ê–ó–°,"–ù–∞–º–∞–Ω–≥–∞–Ω—Å–∫–∞—è –æ–±–ª–∞—Å—Ç—å, –ü–∞–ø—Å–∫–∏–π —Ä–∞–π–æ–Ω","40.806432, 70.800854",–ù–µ—Ç –∏–Ω—Ñ–æ—Ä–º–∞—Ü–∏–∏,https://yandex.uz/maps/-/CDXHMPiL,,,,,,,,–ù–µ—Ç –∏–Ω—Ñ–æ—Ä–º–∞—Ü–∏–∏,,,,,,,,ozhiganovavar@gmail.com,Ozhiganova Varya,10.15.2024,true,,,,
I-NOtFBCThOqMq.CFtk3pw,–ú–µ—Ç–∞–Ω,–ê–ó–°,"–ù–∞–º–∞–Ω–≥–∞–Ω—Å–∫–∞—è –æ–±–ª–∞—Å—Ç—å, –ü–∞–ø—Å–∫–∏–π —Ä–∞–π–æ–Ω","40.785087, 70.811394",–ù–µ—Ç –∏–Ω—Ñ–æ—Ä–º–∞—Ü–∏–∏,https://yandex.uz/maps/-/CDXHQVPO,,,,,,,,–ù–µ—Ç –∏–Ω—Ñ–æ—Ä–º–∞—Ü–∏–∏,,,,,,,,ozhiganovavar@gmail.com,Ozhiganova Varya,10.15.2024,true,true,,,
00n40CQoT5mMSY2zgmeTLg,–ê–ì–ó–°,–ê–ó–°,"–ù–∞–º–∞–Ω–≥–∞–Ω—Å–∫–∞—è –æ–±–ª–∞—Å—Ç—å, –ü–∞–ø—Å–∫–∏–π —Ä–∞–π–æ–Ω","40.777487, 70.814478",–ù–µ—Ç –∏–Ω—Ñ–æ—Ä–º–∞—Ü–∏–∏,https://yandex.uz/maps/-/CDXHQGJO,,,,,,,,–ù–µ—Ç –∏–Ω—Ñ–æ—Ä–º–∞—Ü–∏–∏,,,,,,,,ozhiganovavar@gmail.com,Ozhiganova Varya,10.15.2024,true,,,,
3JHBSrO-S1Wwo2xWxPimmg,–ê–ó–°,–ê–ó–°,"–ù–∞–º–∞–Ω–≥–∞–Ω—Å–∫–∞—è –æ–±–ª–∞—Å—Ç—å, –ü–∞–ø—Å–∫–∏–π —Ä–∞–π–æ–Ω","40.771656, 70.814769",–ù–µ—Ç –∏–Ω—Ñ–æ—Ä–º–∞—Ü–∏–∏,https://yandex.uz/maps/-/CDXH40nA,true,,,,,,,24/7,,,,,,,,ozhiganovavar@gmail.com,Ozhiganova Varya,10.15.2024,true,,,,
1gSaUdieQrmHBAIYYdCRog,–ê–ó–°,–ê–ó–°,"–§–µ—Ä–≥–∞–Ω—Å–∫–∞—è –æ–±–ª–∞—Å—Ç—å, –î–∞–Ω–≥–∞—Ä–∏–Ω—Å–∫–∏–π —Ä–∞–π–æ–Ω","40.723337, 70.834056",–ù–µ—Ç –∏–Ω—Ñ–æ—Ä–º–∞—Ü–∏–∏,https://yandex.uz/maps/-/CDXHaI6K,true,,,,,,,–ù–µ—Ç –∏–Ω—Ñ–æ—Ä–º–∞—Ü–∏–∏,,,,,,,,ozhiganovavar@gmail.com,Ozhiganova Varya,10.15.2024,,,,,
FnI5KjooT5qBz5GaIeRwMA,–ü—Ä–æ–ø–∞–Ω,–ê–ó–°,–ê373,"40.729384, 70.942285",–ù–µ—Ç –∏–Ω—Ñ–æ—Ä–º–∞—Ü–∏–∏,https://yandex.uz/maps/-/CDXH54~X,,,,,,,,–ù–µ—Ç –∏–Ω—Ñ–æ—Ä–º–∞—Ü–∏–∏,,,,,,,,ozhiganovavar@gmail.com,Ozhiganova Varya,10.15.2024,true,,true,,
xns3ymXLQou1qJyvP0U.nw,–ê–ì–ó–°,–ê–ó–°,"–ù–∞–º–∞–Ω–≥–∞–Ω—Å–∫–∞—è –æ–±–ª–∞—Å—Ç—å, –ü–∞–ø—Å–∫–∏–π —Ä–∞–π–æ–Ω","40.751867, 70.869590",–ù–µ—Ç –∏–Ω—Ñ–æ—Ä–º–∞—Ü–∏–∏,https://yandex.uz/maps/-/CDXH5Szd,,,,,,,,–ù–µ—Ç –∏–Ω—Ñ–æ—Ä–º–∞—Ü–∏–∏,,,,,,,,ozhiganovavar@gmail.com,Ozhiganova Varya,10.15.2024,true,,,,
rufFNSYbRgeMAJiCSH.sNQ,–ê–ì–ó–°,–ê–ó–°,"–§–µ—Ä–≥–∞–Ω—Å–∫–∞—è –æ–±–ª–∞—Å—Ç—å, –î–∞–Ω–≥–∞—Ä–∏–Ω—Å–∫–∏–π —Ä–∞–π–æ–Ω","40.723290, 70.834068",–ù–µ—Ç –∏–Ω—Ñ–æ—Ä–º–∞—Ü–∏–∏,https://yandex.uz/maps/-/CDXHBIZC,,,,,,,,–ù–µ—Ç –∏–Ω—Ñ–æ—Ä–º–∞—Ü–∏–∏,,,,,,,,ozhiganovavar@gmail.com,Ozhiganova Varya,10.15.2024,true,,,,
ZG1MhKRrTqOU4Sfah0mfnQ,–ê–ì–ù–ö–° –ú–µ—Ç–∞–Ω,–ê–ó–°,"–§–µ—Ä–≥–∞–Ω—Å–∫–∞—è –æ–±–ª–∞—Å—Ç—å, –î–∞–Ω–≥–∞—Ä–∏–Ω—Å–∫–∏–π —Ä–∞–π–æ–Ω, –Ω–∞—Å–µ–ª—ë–Ω–Ω—ã–π –ø—É–Ω–∫—Ç –•–æ–¥–∂–∞–∫–∏—à–ª–∞–∫","40.725317, 70.927414",–ù–µ—Ç –∏–Ω—Ñ–æ—Ä–º–∞—Ü–∏–∏,https://yandex.uz/maps/-/CDXHR0pf,,,,,,,,24/7,true,,,true,,,,ozhiganovavar@gmail.com,Ozhiganova Varya,10.15.2024,true,true,,,
HWYA2Fh2R0qhn9s0lZHf7g,–ê–ì–ù–ö–°,–ê–ó–°,"–§–µ—Ä–≥–∞–Ω—Å–∫–∞—è –æ–±–ª–∞—Å—Ç—å, –î–∞–Ω–≥–∞—Ä–∏–Ω—Å–∫–∏–π —Ä–∞–π–æ–Ω","40.724106, 70.948320",+998 339 23 19 19,https://yandex.uz/maps/-/CDXHVN35,,,,,,,,24/7,true,,true,true,,,,ozhiganovavar@gmail.com,Ozhiganova Varya,10.15.2024,true,true,,,
wyCnBRkLTH6A4UY7H0PfZw,–ê–ì–ó–° –ü—Ä–æ–ø–∞–Ω,–ê–ó–°,"–§–µ—Ä–≥–∞–Ω—Å–∫–∞—è –æ–±–ª–∞—Å—Ç—å, –ë—É–≤–∞–π–¥–∏–Ω—Å–∫–∏–π —Ä–∞–π–æ–Ω","40.647625, 71.171446",–ù–µ—Ç –∏–Ω—Ñ–æ—Ä–º–∞—Ü–∏–∏,https://yandex.uz/maps/-/CDXHZU2e,,,,,,,,24/7,,,,,,,,ozhiganovavar@gmail.com,Ozhiganova Varya,10.15.2024,true,,true,,
WG-d9NhaTS2oMo54VPONmA,–ê–ó–°,–ê–ó–°,"–§–µ—Ä–≥–∞–Ω—Å–∫–∞—è –æ–±–ª–∞—Å—Ç—å, –ê–ª—Ç—ã–∞—Ä—ã–∫—Å–∫–∏–π —Ä–∞–π–æ–Ω","40.588171, 71.401898",–ù–µ—Ç –∏–Ω—Ñ–æ—Ä–º–∞—Ü–∏–∏,https://yandex.uz/maps/-/CDXHZ--T,true,,,,,,,–ù–µ—Ç –∏–Ω—Ñ–æ—Ä–º–∞—Ü–∏–∏,,,,,,,,ozhiganovavar@gmail.com,Ozhiganova Varya,10.15.2024,,,,,
H.r1AEn7R76q9stkenMLow,–°–∞–±–æ,–ê–ó–°,"–ú–∞—Ä–≥–∏–ª–∞–Ω, –≥–æ—Ä–æ–¥—Å–∫–æ–µ –ø–æ—Å–µ–ª–æ–∫. –Ø–Ω–≥–∏ –ú–∞—Ä–≥–∏–ª–∞–Ω","40.428484, 71.696245",+998 93 372 14 84,https://yandex.uz/maps/-/CDXH6Nkl,,,,,,,,24/7,true,,,,,,,ozhiganovavar@gmail.com,Ozhiganova Varya,10.15.2024,,,,,
xsxTOYlmT5aZd-D0kKj2XA,Marg'ilon AS,–ê–ó–°,"–ú–∞—Ä–≥–∏–ª–∞–Ω, —É–ª. –Ø–Ω–≥–∏ –•–∞—ë—Ç, 7","40.426716, 71.703739",–ù–µ—Ç –∏–Ω—Ñ–æ—Ä–º–∞—Ü–∏–∏,https://yandex.uz/maps/-/CDXH6HoY,true,,,,,,,–ù–µ—Ç –∏–Ω—Ñ–æ—Ä–º–∞—Ü–∏–∏,,,,,,,,ozhiganovavar@gmail.com,Ozhiganova Varya,10.15.2024,,,,,
mGDUCG4YQv-ZJSEDUqeRvA,–ê—Ä–º–∞–Ω,–ê–ó–°,"–§–µ—Ä–≥–∞–Ω—Å–∫–∞—è –æ–±–ª–∞—Å—Ç—å, –ú–∞—Ä–≥–∏–ª–∞–Ω, –≥–æ—Ä–æ–¥—Å–∫–æ–π –ø–æ—Å—ë–ª–æ–∫ –Ø–Ω–≥–∏ –ú–∞—Ä–≥–∏–ª–∞–Ω","40.420739, 71.716343",–ù–µ—Ç –∏–Ω—Ñ–æ—Ä–º–∞—Ü–∏–∏,https://yandex.uz/maps/-/CDXHbQNM,true,,,,,,,–ù–µ—Ç –∏–Ω—Ñ–æ—Ä–º–∞—Ü–∏–∏,,,,,,,,ozhiganovavar@gmail.com,Ozhiganova Varya,10.15.2024,true,true,,,
z0wSmPLlSmOVjYSzhorbFQ,–ê–ó–°,–ê–ó–°,"—É–ª. –ú—É—Å–∞—Ñ—Ñ–æ, 1","40.402466, 71.752069",–ù–µ—Ç –∏–Ω—Ñ–æ—Ä–º–∞—Ü–∏–∏,https://yandex.uz/maps/-/CDXHbK4U,true,,,,,,,24/7,true,,,,,,,ozhiganovavar@gmail.com,Ozhiganova Varya,10.15.2024,,,,,
yRJFsFuhT8mJrFhGJy7Alw,–ú–µ—Ç–∞–Ω,–ê–ó–°,"–§–µ—Ä–≥–∞–Ω—Å–∫–∞—è –æ–±–ª–∞—Å—Ç—å, –ö—É—à—Ç–µ–ø–∏–Ω—Å–∫–∏–π —Ä–∞–π–æ–Ω, –º–∞—Ö–∞–ª–ª–∏–Ω—Å–∫–∏–π —Å—Ö–æ–¥ –≥—Ä–∞–∂–¥–∞–Ω –ï—à–æ–Ω–≥—É–∑–∞—Ä, —É–ª–∏—Ü–∞ –°–∞–æ–¥–∞—Ç, 50","40.452807, 71.664807",–ù–µ—Ç –∏–Ω—Ñ–æ—Ä–º–∞—Ü–∏–∏,https://yandex.uz/maps/-/CDXHfZnw,,,,,,,,–ù–µ—Ç –∏–Ω—Ñ–æ—Ä–º–∞—Ü–∏–∏,,,,,,,,ozhiganovavar@gmail.com,Ozhiganova Varya,10.15.2024,true,true,,,
sNa2nPJOQ3-rBrhCUWuIMA,–ê–ì–ó–°,–ê–ó–°,"–§–µ—Ä–≥–∞–Ω—Å–∫–∞—è –æ–±–ª–∞—Å—Ç—å, –ö—É—à—Ç–µ–ø–∏–Ω—Å–∫–∏–π —Ä–∞–π–æ–Ω","40.428232, 71.680110",–ù–µ—Ç –∏–Ω—Ñ–æ—Ä–º–∞—Ü–∏–∏,https://yandex.uz/maps/-/CDXHfW6a,,,,,,,,–ù–µ—Ç –∏–Ω—Ñ–æ—Ä–º–∞—Ü–∏–∏,,,,,,,,ozhiganovavar@gmail.com,Ozhiganova Varya,10.15.2024,true,,,,
AFKydIGwQiO87g1na5Qt3g,–ê–ì–ù–ö–°,–ê–ó–°,"–§–µ—Ä–≥–∞–Ω—Å–∫–∞—è –æ–±–ª–∞—Å—Ç—å, –ú–∞—Ä–≥–∏–ª–∞–Ω, –≥–æ—Ä–æ–¥—Å–∫–æ–π –ø–æ—Å—ë–ª–æ–∫ –Ø–Ω–≥–∏ –ú–∞—Ä–≥–∏–ª–∞–Ω","40.425740, 71.682779",–ù–µ—Ç –∏–Ω—Ñ–æ—Ä–º–∞—Ü–∏–∏,https://yandex.uz/maps/-/CDXHfD7u,,,,,,,,–ù–µ—Ç –∏–Ω—Ñ–æ—Ä–º–∞—Ü–∏–∏,,,,,,,,ozhiganovavar@gmail.com,Ozhiganova Varya,10.15.2024,true,,,,
B851dsOCQaCpQC.nLFw6pQ,–†–µ–∞–ª –≥–∞–∑,–ê–ó–°,"–ú–∞—Ä–≥–∏–ª–∞–Ω, —É–ª. –Ø–Ω–≥–∏ –•–∞—ë—Ç, 11A","40.423401, 71.707677",–ù–µ—Ç –∏–Ω—Ñ–æ—Ä–º–∞—Ü–∏–∏,https://yandex.uz/maps/-/CDXHjYL~,,,,,,,,–ù–µ—Ç –∏–Ω—Ñ–æ—Ä–º–∞—Ü–∏–∏,,,,,,,,ozhiganovavar@gmail.com,Ozhiganova Varya,10.15.2024,true,,true,,
HlJSPi6uRxGaIWkmByzXMQ,–ß—É–∫—É—Ä –º–µ—Ç–∞–Ω,–ê–ó–°,–§–µ—Ä–≥–∞–Ω—Å–∫–∏–π —Ä–∞–π–æ–Ω,"40.422171, 71.708846",–ù–µ—Ç –∏–Ω—Ñ–æ—Ä–º–∞—Ü–∏–∏,https://yandex.uz/maps/-/CDXHjZJJ,,,,,,,,–ù–µ—Ç –∏–Ω—Ñ–æ—Ä–º–∞—Ü–∏–∏,,,,,,,,ozhiganovavar@gmail.com,Ozhiganova Varya,10.15.2024,true,true,,,
dZYtNIvMRuWbyX0ibEz1zA,Yormozor metan,–ê–ó–°,"–§–µ—Ä–≥–∞–Ω–∞, –º–∞—Ö–∞–ª–ª—è –Ø—Ä-–ú–∞–∑–∞—Ä","40.407741, 71.744114",–ù–µ—Ç –∏–Ω—Ñ–æ—Ä–º–∞—Ü–∏–∏,https://yandex.uz/maps/-/CDXHjLK1,,,,,,,,06:00 ‚Äì 17:00,true,,true,,,,,ozhiganovavar@gmail.com,Ozhiganova Varya,10.15.2024,true,true,,,
8OZjhFqtSKexPzrJtzk.pQ,Avtogaz ustaxonas,–ê–ó–°,"–§–µ—Ä–≥–∞–Ω–∞, –º–∞—Ö–∞–ª–ª—è –Ø—Ä-–ú–∞–∑–∞—Ä","40.407627, 71.744660",–ù–µ—Ç –∏–Ω—Ñ–æ—Ä–º–∞—Ü–∏–∏,https://yandex.uz/maps/-/CDXHnKiI,,,,,,,,–ù–µ—Ç –∏–Ω—Ñ–æ—Ä–º–∞—Ü–∏–∏,,,,,,,,ozhiganovavar@gmail.com,Ozhiganova Varya,10.15.2024,true,,,,
fBkCI2J7QtStf4Y5BLeyvQ,–ü—Ä–æ–ø–∞–Ω,–ê–ó–°,"–§–µ—Ä–≥–∞–Ω—Å–∫–∞—è –æ–±–ª–∞—Å—Ç—å, –ê–ª—Ç—ã–∞—Ä—ã–∫—Å–∫–∏–π —Ä–∞–π–æ–Ω","40.587989, 71.401867",–ù–µ—Ç –∏–Ω—Ñ–æ—Ä–º–∞—Ü–∏–∏,https://yandex.uz/maps/-/CDXHrFpk,,,,,,,,–ù–µ—Ç –∏–Ω—Ñ–æ—Ä–º–∞—Ü–∏–∏,,,,,,,,ozhiganovavar@gmail.com,Ozhiganova Varya,10.15.2024,true,,true,,
LF48kQ3iS66GFrG-IlkNAg,–ú–µ—Ç–∞–Ω,–ê–ó–°,"–§–µ—Ä–≥–∞–Ω—Å–∫–∞—è –æ–±–ª–∞—Å—Ç—å, –ö—É—à—Ç–µ–ø–∏–Ω—Å–∫–∏–π —Ä–∞–π–æ–Ω, –Ω–∞—Å–µ–ª—ë–Ω–Ω—ã–π –ø—É–Ω–∫—Ç –ö–∞—Ä–∞–∫—É—à—á–∏","40.464049, 71.654042",–ù–µ—Ç –∏–Ω—Ñ–æ—Ä–º–∞—Ü–∏–∏,https://yandex.uz/maps/-/CDXHrGOD,,,,,,,,–ù–µ—Ç –∏–Ω—Ñ–æ—Ä–º–∞—Ü–∏–∏,,,,,,,,ozhiganovavar@gmail.com,Ozhiganova Varya,10.15.2024,true,true,true,,
I6IiXS40TxmH6G1tx6XD6Q,Tok Bor,–ê–ó–°,"–¢–∞—à–∫–µ–Ω—Ç, –¢–∞—à–∫–µ–Ω—Ç—Å–∫–∏–π —Ü–µ–Ω—Ç—Ä–∞–ª—å–Ω—ã–π —ç–∫–æ–ø–∞—Ä–∫ –∏–º–µ–Ω–∏ –ó–∞—Ö–∏—Ä–∏–¥–¥–∏–Ω–∞ –ú—É—Ö–∞–º–º–∞–¥–∞ –ë–∞–±—É—Ä–∞","41.307274, 69.295645",+998 787 77 77 87,https://yandex.uz/maps/-/CDdIM4PE,,,,,,,,–ù–µ—Ç –∏–Ω—Ñ–æ—Ä–º–∞—Ü–∏–∏,,,,,,,,ozhiganovavar@gmail.com,Ozhiganova Varya,10.16.2024,,,,,true
AU.JUTsMQCGOPhYannhMjw,Tok Bor,–ê–ó–°,"–¢–∞—à–∫–µ–Ω—Ç, —É–ª–∏—Ü–∞ –ú–∞—Ö—Ç—É–º–∫—É–ª–∏","41.303699, 69.315366",+998 78 777 77 87,https://yandex.uz/maps/-/CDdIMX-m,,,,,,,,24/7,,,,,,,,ozhiganovavar@gmail.com,Ozhiganova Varya,10.16.2024,,,,,true
PUGF1nQeSZyYhn9HHJyiqg,Tok Bor,–ê–ó–°,"–¢–∞—à–∫–µ–Ω—Ç, –Ø—à–Ω–æ–±–æ–¥—Å–∫–∏–π —Ä–∞–π–æ–Ω, –º–∞—Ö–∞–ª–ª–∏–Ω—Å–∫–∏–π —Å—Ö–æ–¥ –≥—Ä–∞–∂–¥–∞–Ω –ß—É–ª–ø–∞–Ω","41.304566, 69.303561",+998 78 777 77 87,https://yandex.uz/maps/-/CDdIQ4kr,,,,,,,,–ù–µ—Ç –∏–Ω—Ñ–æ—Ä–º–∞—Ü–∏–∏,,,,,,,,ozhiganovavar@gmail.com,Ozhiganova Varya,10.16.2024,,,,,true
UT5twP7cQPunUtnubD7OSQ,Tok Bor Hybryd,–ê–ó–°,"–¢–∞—à–∫–µ–Ω—Ç, –Ø—à–Ω–æ–±–æ–¥—Å–∫–∏–π —Ä–∞–π–æ–Ω, –º–∞—Ö–∞–ª–ª–∏–Ω—Å–∫–∏–π —Å—Ö–æ–¥ –≥—Ä–∞–∂–¥–∞–Ω –ß—É–ª–ø–∞–Ω","41.303971, 69.305164",+998 78 777 77 87,https://yandex.uz/maps/-/CDdIQRoJ,,,,,,,,–ù–µ—Ç –∏–Ω—Ñ–æ—Ä–º–∞—Ü–∏–∏,,,,,,,,ozhiganovavar@gmail.com,Ozhiganova Varya,10.16.2024,,,,,true
PVAKYZ4wSjeNNJU.xrOcQg,Tok Bor,–ê–ó–°,"–¢–∞—à–∫–µ–Ω—Ç, 2-–π –ø—Ä–æ–µ–∑–¥ –¢–∞—Ä–∞–∫–∫–∏–µ—Ç","41.303986, 69.306519",+998 78 777 77 87,https://yandex.uz/maps/-/CDdIQWMZ,,,,,,,,–ù–µ—Ç –∏–Ω—Ñ–æ—Ä–º–∞—Ü–∏–∏,,,,,,,,ozhiganovavar@gmail.com,Ozhiganova Varya,10.16.2024,,,,,true
EQDcvxn9Q1KrTzWJ1yu5bA,Megawatt Energy,–ê–ó–°,"—É–ª. –ú–∞—Ö—Ç—É–º–∫—É–ª–∏, 1–ê","41.302804, 69.314722",+998 555 00 88 00,https://yandex.uz/maps/-/CDdIUAPg,,,,,,,,24/7,,,,,,,,ozhiganovavar@gmail.com,Ozhiganova Varya,10.16.2024,,,,,true
53zQD.nYQuurK.dVdIjcKQ,Urban Power,–ê–ó–°,"—É–ª. –ú–∞—Ö—Ç—É–º–∫—É–ª–∏, 79","41.304648, 69.321113",+998 95 147 22 22,https://yandex.uz/maps/-/CDdIUR1R,,,,,,,,"09:00 ‚Äì 18:00 (—Å–±, –≤—Å - –≤—ã—Ö–æ–¥–Ω—ã–µ)",,,,,,,,ozhiganovavar@gmail.com,Ozhiganova Varya,10.16.2024,,,,,true
1uvVn1MWSZCaDmdjMx-TLw,Tok Bor,–ê–ó–°,"–¢–∞—à–∫–µ–Ω—Ç, –Ø—à–Ω–æ–±–æ–¥—Å–∫–∏–π —Ä–∞–π–æ–Ω, –º–∞—Ö–∞–ª–ª–∏–Ω—Å–∫–∏–π —Å—Ö–æ–¥ –≥—Ä–∞–∂–¥–∞–Ω –î—É—Å—Ç–∞–±–∞–¥","41.303982, 69.322159",+998 78 777 77 87,https://yandex.uz/maps/-/CDdIU-pb,,,,,,,,–ù–µ—Ç –∏–Ω—Ñ–æ—Ä–º–∞—Ü–∏–∏,,,,,,,,ozhiganovavar@gmail.com,Ozhiganova Varya,10.16.2024,,,,,true
uPuBeW-PR02p06yqdVHqsw,Tok Bor,–ê–ó–°,"—É–ª. –ü–∞—Ä–∫–µ–Ω—Ç, 180/1","41.306537, 69.337425",+998 78 777 77 87,https://yandex.uz/maps/-/CDdIYKI1,,,,,,,,–ù–µ—Ç –∏–Ω—Ñ–æ—Ä–º–∞—Ü–∏–∏,,,,,,,,ozhiganovavar@gmail.com,Ozhiganova Varya,10.16.2024,,,,,true
hai6WzvtRiaeGeARUwl4wg,Tok Bor,–ê–ó–°,"–¢–∞—à–∫–µ–Ω—Ç—Å–∫–∞—è –æ–±–ª–∞—Å—Ç—å, –ê—Ö–∞–Ω–≥–∞—Ä–∞–Ω","40.902650, 69.642485",+998 78 777 77 87,https://yandex.uz/maps/-/CDdI48z9,,,,,,,,–ù–µ—Ç –∏–Ω—Ñ–æ—Ä–º–∞—Ü–∏–∏,,,,,,,,ozhiganovavar@gmail.com,Ozhiganova Varya,10.16.2024,,,,,true
pdKUJ0JZTMqpa1A.QJ8raQ,K-Watt,–ê–ó–°,"–¢–∞—à–∫–µ–Ω—Ç, –Ø—à–Ω–æ–±–æ–¥—Å–∫–∏–π —Ä–∞–π–æ–Ω, –º–∞—Ö–∞–ª–ª—è –î—É—Å—Ç–æ–±–æ–¥","41.299581, 69.342448",+998 78 555 07 08,https://yandex.uz/maps/-/CDdIYP65,,,,,,,,24/7,,,,,,,,ozhiganovavar@gmail.com,Ozhiganova Varya,10.16.2024,,,,,true
Oyumx0hTQ1yhWWhXsExMfQ,GreenTE Orom,–ê–ó–°,"–≥–æ—Ä–æ–¥—Å–∫–æ–π –ø–æ—Å—ë–ª–æ–∫ –ù—É—Ä–∞–±–∞–¥, 46","40.907038, 69.797531","+998 881 00 18 81
+998 881 00 63 39
+998 880 17 10 88",https://yandex.uz/maps/-/CDdIa8zo,,,,,,,,24/7,,,,,,,,ozhiganovavar@gmail.com,Ozhiganova Varya,10.16.2024,,,,,true
LEHtwT1dR3W6Yf2Oc082Yw,Tok Bor,–ê–ó–°,"—É–ª. –ê–º–∏—Ä–∞ –¢–µ–º—É—Ä–∞, 70","40.903373, 69.644795",+998 78 777 77 87,https://yandex.uz/maps/-/CDdIaY8V,,,,,,,,–ù–µ—Ç –∏–Ω—Ñ–æ—Ä–º–∞—Ü–∏–∏,,,,,,,,ozhiganovavar@gmail.com,Ozhiganova Varya,10.16.2024,,,,,true
10nfcWIuTgKRkm-YFjvXTQ,Tok Bor,–ê–ó–°,"–¢–∞—à–∫–µ–Ω—Ç—Å–∫–∞—è –æ–±–ª–∞—Å—Ç—å, –ê–Ω–≥—Ä–µ–Ω, –≥–æ—Ä–æ–¥—Å–∫–æ–π –ø–æ—Å—ë–ª–æ–∫ –ù—É—Ä–∞–±–∞–¥","40.908244, 69.803569",+998 78 777 77 87,https://yandex.uz/maps/-/CDdIeFOI,,,,,,,,24/7,,,,,,,,ozhiganovavar@gmail.com,Ozhiganova Varya,10.16.2024,,,,,true
7-KGIO9nR1yurhTZeIj23A,Tok Bor,–ê–ó–°,"–¢–∞—à–∫–µ–Ω—Ç—Å–∫–∞—è –æ–±–ª–∞—Å—Ç—å, –ê–Ω–≥—Ä–µ–Ω, –ê—Ö–∞–Ω–≥–∞—Ä–∞–Ω—Å–∫–∞—è —É–ª–∏—Ü–∞","40.994561, 70.055573",+998 78 777 77 87,https://yandex.uz/maps/-/CDdIe-Zz,,,,,,,,–ù–µ—Ç –∏–Ω—Ñ–æ—Ä–º–∞—Ü–∏–∏,,,,,,,,ozhiganovavar@gmail.com,Ozhiganova Varya,10.16.2024,,,,,true
AOoSx26uT8qE5nkqZX5z0w,Electric charging station,–ê–ó–°,"–¢–∞—à–∫–µ–Ω—Ç—Å–∫–∞—è –æ–±–ª–∞—Å—Ç—å, –ê–Ω–≥—Ä–µ–Ω, –ê—Ö–∞–Ω–≥–∞—Ä–∞–Ω—Å–∫–∞—è —É–ª–∏—Ü–∞","41.007943, 70.093391",–ù–µ—Ç –∏–Ω—Ñ–æ—Ä–º–∞—Ü–∏–∏,https://yandex.uz/maps/-/CDdIi6Jx,,,,,,,,–ù–µ—Ç –∏–Ω—Ñ–æ—Ä–º–∞—Ü–∏–∏,,,,,,,,ozhiganovavar@gmail.com,Ozhiganova Varya,10.16.2024,,,,,true
a-TmSSt-zQNqfDbtTCny3Sg,K-Watt,–ê–ó–°,"–ê—Ö–∞–Ω–≥–∞—Ä–∞–Ω—Å–∫–∞—è —É–ª., 12","41.010026, 70.097063",+998 78 555 07 08,https://yandex.uz/maps/-/CDdIi82y,,,,,,,,24/7,,,,,,,,ozhiganovavar@gmail.com,Ozhiganova Varya,10.16.2024,,,,,true
1bxueTaiQjGbRxAXJ56GNw,Megawatt Energy,–ê–ó–°,"–¢–∞—à–∫–µ–Ω—Ç—Å–∫–∞—è –æ–±–ª–∞—Å—Ç—å, –ê—Ö–∞–Ω–≥–∞—Ä–∞–Ω—Å–∫–∏–π —Ä–∞–π–æ–Ω, –Ω–∞—Å–µ–ª—ë–Ω–Ω—ã–π –ø—É–Ω–∫—Ç –ú–∞—à–∏–Ω–∞—Ç–æ–ø","41.127132, 70.358906",+998 90 047 99 11,https://yandex.uz/maps/-/CDdImQLI,,,,,,,,24/7,true,,,true,,,,ozhiganovavar@gmail.com,Ozhiganova Varya,10.16.2024,,,,,true
itlAb9Z4SbSe19EImtCy-w,Tok Bor,–ê–ó–°,–ê373,"41.154629, 70.445628",+998 78 777 77 87,https://yandex.uz/maps/-/CDdIm64-,,,,,,,,24/7,,,,,,,,ozhiganovavar@gmail.com,Ozhiganova Varya,10.16.2024,,,,,true
Ztq8v1NjTSam.lGTMC5Zyw,–ó–∞—Ä—è–¥–Ω–∞—è —Å—Ç–∞–Ω—Ü–∏—è,–ê–ó–°,"–ù–∞–º–∞–Ω–≥–∞–Ω—Å–∫–∞—è –æ–±–ª–∞—Å—Ç—å, –ü–∞–ø—Å–∫–∏–π —Ä–∞–π–æ–Ω","41.148199, 70.446622",–ù–µ—Ç –∏–Ω—Ñ–æ—Ä–º–∞—Ü–∏–∏,https://yandex.uz/maps/-/CDdImOjk,,,,,,,,–ù–µ—Ç –∏–Ω—Ñ–æ—Ä–º–∞—Ü–∏–∏,,,,,,,,ozhiganovavar@gmail.com,Ozhiganova Varya,10.16.2024,,,,,true
Hbe9WaV6R4W6DhbPpdKbhw,Megawatt Energy,–ê–ó–°,–ê373,"41.136647, 70.460444",+998 90 047 99 11,https://yandex.uz/maps/-/CDdImP5m,,,,,,,,24/7,,,,,,,,ozhiganovavar@gmail.com,Ozhiganova Varya,10.16.2024,,,,,true
dwwVfhgCS--RXp6UAZ.Qfg,Tok Bor,–ê–ó–°,"–ù–∞–º–∞–Ω–≥–∞–Ω—Å–∫–∞—è –æ–±–ª–∞—Å—Ç—å, –ü–∞–ø—Å–∫–∏–π —Ä–∞–π–æ–Ω","41.040100, 70.578530",+998 78 777 77 87,https://yandex.uz/maps/-/CDdIqFId,,,,,,,,–ù–µ—Ç –∏–Ω—Ñ–æ—Ä–º–∞—Ü–∏–∏,,,,,,,,ozhiganovavar@gmail.com,Ozhiganova Varya,10.16.2024,,,,,true
bINOqVpETJenFm3qvrR6Pw,Tok Bor,–ê–ó–°,"–ù–∞–º–∞–Ω–≥–∞–Ω—Å–∫–∞—è –æ–±–ª–∞—Å—Ç—å, –ü–∞–ø—Å–∫–∏–π —Ä–∞–π–æ–Ω","41.034213, 70.587114",+998 78 777 77 87,https://yandex.uz/maps/-/CDdIqVKd,,,,,,,,–ù–µ—Ç –∏–Ω—Ñ–æ—Ä–º–∞—Ü–∏–∏,,,,,,,,ozhiganovavar@gmail.com,Ozhiganova Varya,10.16.2024,,,,,true
FqPxfy6iSL6BzUM.7nEOmQ,Tok Bor,–ê–ó–°,"–ù–∞–º–∞–Ω–≥–∞–Ω—Å–∫–∞—è –æ–±–ª–∞—Å—Ç—å, –ü–∞–ø—Å–∫–∏–π —Ä–∞–π–æ–Ω","41.032913, 70.593908",+998 78 777 77 87,https://yandex.uz/maps/-/CDdIqOnZ,,,,,,,,–ù–µ—Ç –∏–Ω—Ñ–æ—Ä–º–∞—Ü–∏–∏,false,,,true,,,,ozhiganovavar@gmail.com,Ozhiganova Varya,10.16.2024,,,,,true
rvLlE7wmSTedkKL6mDSl4w,Tok Bor,–ê–ó–°,–ê373,"41.027179, 70.604294",+998 78 777 77 87,https://yandex.uz/maps/-/CDdIqX46,,,,,,,,–ù–µ—Ç –∏–Ω—Ñ–æ—Ä–º–∞—Ü–∏–∏,false,,,true,,,,ozhiganovavar@gmail.com,Ozhiganova Varya,10.16.2024,,,,,true
JonsGzxpTqCWNbEYYoOqyg,Tok Bor Hybryd,–ê–ó–°,–ê373,"40.997547, 70.634011",+998 78 777 77 87,https://yandex.uz/maps/-/CDdIuWP5,,,,,,,,24/7,,,,,,,,ozhiganovavar@gmail.com,Ozhiganova Varya,10.16.2024,,,,,true
QvY2wDJCQZqJHrXOlObT7A,Tok Bor,–ê–ó–°,–ê373,"40.997397, 70.633385",+998 78 777 77 87,https://yandex.uz/maps/-/CDdIuTpO,,,,,,,,–ù–µ—Ç –∏–Ω—Ñ–æ—Ä–º–∞—Ü–∏–∏,,,,,,,,ozhiganovavar@gmail.com,Ozhiganova Varya,10.16.2024,,,,,true
eyElhe2.R-6cdtLoxw-vWw,Elektromobillarni quvvatlash stansiyasi,–ê–ó–°,–ê373,"40.997746, 70.633351",–ù–µ—Ç –∏–Ω—Ñ–æ—Ä–º–∞—Ü–∏–∏,https://yandex.uz/maps/-/CDdIyZif,,,,,,,,–ù–µ—Ç –∏–Ω—Ñ–æ—Ä–º–∞—Ü–∏–∏,,,,,,,,ozhiganovavar@gmail.com,Ozhiganova Varya,10.16.2024,,,,,true
P7ABoafmTTOnirHlIHmZBg,–ó–∞—Ä—è–¥–Ω–∞—è —Å—Ç–∞–Ω—Ü–∏—è,–ê–ó–°,"–ù–∞–º–∞–Ω–≥–∞–Ω—Å–∫–∞—è –æ–±–ª–∞—Å—Ç—å, –ü–∞–ø—Å–∫–∏–π —Ä–∞–π–æ–Ω","40.937721, 70.694509",–ù–µ—Ç –∏–Ω—Ñ–æ—Ä–º–∞—Ü–∏–∏,https://yandex.uz/maps/-/CDdQrA20,,,,,,,,–ù–µ—Ç –∏–Ω—Ñ–æ—Ä–º–∞—Ü–∏–∏,,,,,,,,ozhiganovavar@gmail.com,Ozhiganova Varya,10.17.2024,,,,,true
RKtBkdILTvadCHsDg5LQew,AfsonaTok,–ê–ó–°,–ê373,"40.921054, 70.737526",–ù–µ—Ç –∏–Ω—Ñ–æ—Ä–º–∞—Ü–∏–∏,https://yandex.uz/maps/-/CDdQrVPQ,,,,,,,,–ù–µ—Ç –∏–Ω—Ñ–æ—Ä–º–∞—Ü–∏–∏,,,,,,,,ozhiganovavar@gmail.com,Ozhiganova Varya,10.17.2024,,,,,true
7bcuctibSUCWyQwd.MnUuQ,Dunyo,–ê–ó–°,"–ù–∞–º–∞–Ω–≥–∞–Ω—Å–∫–∞—è –æ–±–ª–∞—Å—Ç—å, –ü–∞–ø—Å–∫–∏–π —Ä–∞–π–æ–Ω","40.920508, 70.738153",–ù–µ—Ç –∏–Ω—Ñ–æ—Ä–º–∞—Ü–∏–∏,https://yandex.uz/maps/-/CDdQrD5X,,,,,,,,–ù–µ—Ç –∏–Ω—Ñ–æ—Ä–º–∞—Ü–∏–∏,,,,,,,,ozhiganovavar@gmail.com,Ozhiganova Varya,10.17.2024,,,,,true
USztR.6STG6DyAxQRBRdVg,Tok Bor,–ê–ó–°,"–ù–∞–º–∞–Ω–≥–∞–Ω—Å–∫–∞—è –æ–±–ª–∞—Å—Ç—å, –ü–∞–ø—Å–∫–∏–π —Ä–∞–π–æ–Ω","40.874653, 70.782338",+998 78 777 77 87,https://yandex.uz/maps/-/CDdQr-Ku,,,,,,,,–ù–µ—Ç –∏–Ω—Ñ–æ—Ä–º–∞—Ü–∏–∏,,,,,,,,ozhiganovavar@gmail.com,Ozhiganova Varya,10.17.2024,,,,,true
SnfAUA9CQjizYVXiRzQiAQ,GreenTE,–ê–ó–°,"–ù–∞–º–∞–Ω–≥–∞–Ω—Å–∫–∞—è –æ–±–ª–∞—Å—Ç—å, –ü–∞–ø—Å–∫–∏–π —Ä–∞–π–æ–Ω","40.790138, 70.808650","+998 881 00 18 81
+998 881 00 63 39
+998 880 17 10 88",https://yandex.uz/maps/-/CDdQvR~y,,,,,,,,24/7,,,,,,,,ozhiganovavar@gmail.com,Ozhiganova Varya,10.17.2024,,,,,true
cjPuzLH4RUiI41h3KGKuHA,Tok Bor,–ê–ó–°,"–ù–∞–º–∞–Ω–≥–∞–Ω—Å–∫–∞—è –æ–±–ª–∞—Å—Ç—å, –ü–∞–ø—Å–∫–∏–π —Ä–∞–π–æ–Ω","40.786064, 70.810182",+998 78 777 77 87,https://yandex.uz/maps/-/CDdQvP-K,,,,,,,,–ù–µ—Ç –∏–Ω—Ñ–æ—Ä–º–∞—Ü–∏–∏,,,,,,,,ozhiganovavar@gmail.com,Ozhiganova Varya,10.17.2024,,,,,true
A-QBMx4UQpyvTghcePCmiQ,GreenTE,–ê–ó–°,"–§–µ—Ä–≥–∞–Ω—Å–∫–∞—è –æ–±–ª–∞—Å—Ç—å, –ê–ª—Ç—ã–∞—Ä—ã–∫—Å–∫–∏–π —Ä–∞–π–æ–Ω, –Ω–∞—Å–µ–ª—ë–Ω–Ω—ã–π –ø—É–Ω–∫—Ç –ó–∞—Ñ–∞—Ä–∞–±–∞–¥, Muqumiy ko ªchasi, 71","40.584047, 71.381613","+998 881 00 18 81
+998 880 17 10 88
+998 881 00 63 39",https://yandex.uz/maps/-/CDdQzGyZ,,,,,,,,24/7,,,,true,,,,ozhiganovavar@gmail.com,Ozhiganova Varya,10.17.2024,,,,,true
tdHcHMB3RT-mKFKtVkC5PQ,Trianon Energy,–ê–ó–°,"–§–µ—Ä–≥–∞–Ω—Å–∫–∞—è –æ–±–ª–∞—Å—Ç—å, –ö—É—à—Ç–µ–ø–∏–Ω—Å–∫–∏–π —Ä–∞–π–æ–Ω, –º–∞—Ö–∞–ª–ª–∏–Ω—Å–∫–∏–π —Å—Ö–æ–¥ –≥—Ä–∞–∂–¥–∞–Ω –ô—É–ª–¥–æ—à–æ–±–æ–¥, —É–ª–∏—Ü–∞ –ë—É—Ä—Ö–æ–Ω–∏–¥–¥–∏–Ω –ú–∞—Ä–≥–∏–ª–æ–Ω–∏–π, 25","40.453002, 71.660926",+998 78 555 01 00,https://yandex.uz/maps/-/CDdQz22J,,,,,,,,24/7,,,,,,,,ozhiganovavar@gmail.com,Ozhiganova Varya,10.17.2024,,,,,true
hb3RFSE6TqS9EJ0x7G9K4Q,Tok Bor,–ê–ó–°,"–§–µ—Ä–≥–∞–Ω—Å–∫–∞—è –æ–±–ª–∞—Å—Ç—å, –ú–∞—Ä–≥–∏–ª–∞–Ω, –≥–æ—Ä–æ–¥—Å–∫–æ–π –ø–æ—Å—ë–ª–æ–∫ –Ø–Ω–≥–∏ –ú–∞—Ä–≥–∏–ª–∞–Ω","40.421691, 71.714443",+998 78 777 77 87,https://yandex.uz/maps/-/CDdQ7M6H,,,,,,,,–ù–µ—Ç –∏–Ω—Ñ–æ—Ä–º–∞—Ü–∏–∏,,,,,,,,ozhiganovavar@gmail.com,Ozhiganova Varya,10.17.2024,,,,,true
DaW4mB-WT4uGo5G4mX1teA,–ó–∞—Ä—è–¥–Ω–∞—è —Å—Ç–∞–Ω—Ü–∏—è,–ê–ó–°,"–§–µ—Ä–≥–∞–Ω–∞, –º–∞—Ö–∞–ª–ª–∏–Ω—Å–∫–∏–π —Å—Ö–æ–¥ –≥—Ä–∞–∂–¥–∞–Ω –®–æ–¥–ª–∏–∫","40.407226, 71.744899",–ù–µ—Ç –∏–Ω—Ñ–æ—Ä–º–∞—Ü–∏–∏,https://yandex.uz/maps/-/CDdQ76zr,,,,,,,,–ù–µ—Ç –∏–Ω—Ñ–æ—Ä–º–∞—Ü–∏–∏,,,,,,,,ozhiganovavar@gmail.com,Ozhiganova Varya,10.17.2024,,,,,true
pe9qugLqQaGKDleoErD6Ug,Carat Gaz-Oil,–ê–ó–°,"–¢–∞—à–∫–µ–Ω—Ç, –ê–ª–º–∞–∑–∞—Ä—Å–∫–∏–π —Ä–∞–π–æ–Ω, –º–∞—Ö–∞–ª–ª–∏–Ω—Å–∫–∏–π —Å—Ö–æ–¥ –≥—Ä–∞–∂–¥–∞–Ω –ú–∞–π–∞—Ä—ã–∫","41.384114, 69.212639",–ù–µ—Ç –∏–Ω—Ñ–æ—Ä–º–∞—Ü–∏–∏,https://yandex.uz/maps/-/CDdUiEYs,true,,,,,,,–ù–µ—Ç –∏–Ω—Ñ–æ—Ä–º–∞—Ü–∏–∏,,,,,,,,ozhiganovavar@gmail.com,Ozhiganova Varya,10.17.2024,,,,,
b4if1hCFR7uZAgTBr9ZUWw,–ê–ì–ó–° METAN,–ê–ó–°,Katta halqa avtomabil yo'li Olmazor tumani Zamona restoran ,"41.380530, 69.207928",–ù–µ—Ç –∏–Ω—Ñ–æ—Ä–º–∞—Ü–∏–∏,https://yandex.uz/maps/-/CDdUiN42,true,,,,,,,06:00 23:00,true,,true,,,true,true,ozhiganovavar@gmail.com,Ozhiganova Varya,10.17.2024,,,,,
HEDRJ6CvRVmB1X45y6ebFA,Omad-yulduzi,–ê–ó–°,"–ê–ª–º–∞–∑–∞—Ä—Å–∫–∏–π —Ä–∞–π–æ–Ω, —É–ª. –ö–µ–ª–µ—Å –ô—É–ª–∏, 9–ë","41.376662, 69.222352",+998 71 227 68 66,https://yandex.uz/maps/-/CDdUiGik,true,,,,,,,–ù–µ—Ç –∏–Ω—Ñ–æ—Ä–º–∞—Ü–∏–∏,,,,,,,,ozhiganovavar@gmail.com,Ozhiganova Varya,10.17.2024,false,,,,
f0gFafCGRKS4806PR.6ZNg,RS Petro,–ê–ó–°,"—É–ª. –ù–æ—Ä–∞–∑—Ç–µ–ø–∞, 64–ê","41.364943, 69.226762",–ù–µ—Ç –∏–Ω—Ñ–æ—Ä–º–∞—Ü–∏–∏,https://yandex.uz/maps/-/CDdUmJpE,true,,,,,,,–ù–µ—Ç –∏–Ω—Ñ–æ—Ä–º–∞—Ü–∏–∏,,,,,,,,ozhiganovavar@gmail.com,Ozhiganova Varya,10.17.2024,,,,,
N2Q382jLQTuk9i.exCyIxw,–ê–ó–°,–ê–ó–°,"2-—è —É–ª. –ö–∞—Ä–∞–∫–∞–º—ã—à, 6–ê","41.363632, 69.203136",–ù–µ—Ç –∏–Ω—Ñ–æ—Ä–º–∞—Ü–∏–∏,https://yandex.uz/maps/-/CDdUmW6f,true,,,,,,,–ù–µ—Ç –∏–Ω—Ñ–æ—Ä–º–∞—Ü–∏–∏,,,,,,,,ozhiganovavar@gmail.com,Ozhiganova Varya,10.17.2024,,,,,
L9TsyxTnQB6P5jWAIn5oaw,Ibr,–ê–ó–°,"–¢–∞—à–∫–µ–Ω—Ç, –û–ª–º–∞–∑–æ—Ä—Å–∫–∏–π —Ä–∞–π–æ–Ω, –º–∞—Ö–∞–ª–ª—è –ó–∏—ë","41.357192, 69.206296",–ù–µ—Ç –∏–Ω—Ñ–æ—Ä–º–∞—Ü–∏–∏,https://yandex.uz/maps/-/CDdUm2Kn,true,true,,true,true,,,24/7,true,,,,,,,ozhiganovavar@gmail.com,Ozhiganova Varya,10.17.2024,,,,,
j6XPCVRbSBaoz84rkyMxZw,Energy Oil Group,–ê–ó–°,"–¢–∞—à–∫–µ–Ω—Ç, —É–ª–∏—Ü–∞ –î–∏–ª—Å–∞—Ä–æ–π","41.356011, 69.230291",–ù–µ—Ç –∏–Ω—Ñ–æ—Ä–º–∞—Ü–∏–∏,https://yandex.uz/maps/-/CDdUq23c,true,true,,true,true,true,,07:00 ‚Äì 00:00,true,,true,true,,,,ozhiganovavar@gmail.com,Ozhiganova Varya,10.17.2024,,,,,
lwkdN134QO2aEDH0Vl-oig,Master Class Oil,–ê–ó–°,"–ê–ª–º–∞–∑–∞—Ä—Å–∫–∏–π —Ä–∞–π–æ–Ω, –º–∞—Å—Å–∏–≤ –ö–∞—Ä–∞–∫–∞–º—ã—à, 2/4","41.359148, 69.235297",+998 71 229 29 29,https://yandex.uz/maps/-/CDdUySz5,true,,,,,,,–ù–µ—Ç –∏–Ω—Ñ–æ—Ä–º–∞—Ü–∏–∏,,,,,,,,ozhiganovavar@gmail.com,Ozhiganova Varya,10.17.2024,,,,,
f0eCD51oSD6fEKvD0suj7A,Muhammad-biznes-servis,–ê–ó–°,"–¢–∞—à–∫–µ–Ω—Ç, —É–ª–∏—Ü–∞ –ù–æ—Ä–∞–∑—Ç–µ–ø–∞","41.364813, 69.226897",–ù–µ—Ç –∏–Ω—Ñ–æ—Ä–º–∞—Ü–∏–∏,https://yandex.uz/maps/-/CDdUyP3k,true,,,,,,,–ù–µ—Ç –∏–Ω—Ñ–æ—Ä–º–∞—Ü–∏–∏,,,,,,,,ozhiganovavar@gmail.com,Ozhiganova Varya,10.17.2024,,,,,
5hopX50pR7K6RahrBTUAnw,Ibr,–ê–ó–°,"–¢–∞—à–∫–µ–Ω—Ç, –ê–ª–º–∞–∑–∞—Ä—Å–∫–∏–π —Ä–∞–π–æ–Ω, –º–∞—Ö–∞–ª–ª–∏–Ω—Å–∫–∏–π —Å—Ö–æ–¥ –≥—Ä–∞–∂–¥–∞–Ω –¢–∞—Ä–∞–∫–∫–∏—ë—Ç","41.358926, 69.241922",–ù–µ—Ç –∏–Ω—Ñ–æ—Ä–º–∞—Ü–∏–∏,https://yandex.uz/maps/-/CDdU5U~n,true,,,,,,,–ù–µ—Ç –∏–Ω—Ñ–æ—Ä–º–∞—Ü–∏–∏,,,,,,,,ozhiganovavar@gmail.com,Ozhiganova Varya,10.17.2024,,,,,
l9o0N--6Qb24z5jmyDOBwg,UNG Petro,–ê–ó–°,"–¢–∞—à–∫–µ–Ω—Ç, –ê–ª–º–∞–∑–∞—Ä—Å–∫–∏–π —Ä–∞–π–æ–Ω, –º–∞—Ö–∞–ª–ª–∏–Ω—Å–∫–∏–π —Å—Ö–æ–¥ –≥—Ä–∞–∂–¥–∞–Ω –ú–∏—Å–∫–∏–Ω","41.356461, 69.248528",–ù–µ—Ç –∏–Ω—Ñ–æ—Ä–º–∞—Ü–∏–∏,https://yandex.uz/maps/-/CDdU5G4O,true,true,,true,true,,true,–ù–µ—Ç –∏–Ω—Ñ–æ—Ä–º–∞—Ü–∏–∏,,,,,,,,ozhiganovavar@gmail.com,Ozhiganova Varya,10.17.2024,,,,,
0m9LctQxSYCTRo8.58qqIA,Uzgazoil,–ê–ó–°,"—É–ª. –®–∏—Ä–æ–∫, 2","41.362174, 69.252320",–ù–µ—Ç –∏–Ω—Ñ–æ—Ä–º–∞—Ü–∏–∏,https://yandex.uz/maps/-/CDdU6Ij~,true,,,,,,,–ù–µ—Ç –∏–Ω—Ñ–æ—Ä–º–∞—Ü–∏–∏,,,,,,,,ozhiganovavar@gmail.com,Ozhiganova Varya,10.17.2024,,,,,
fFJdmWcbS6i9bd8DWBHioQ,Baza,–ê–ó–°,"—É–ª. –®–∏—Ä–æ–∫, 104–ë","41.365785, 69.254896",–ù–µ—Ç –∏–Ω—Ñ–æ—Ä–º–∞—Ü–∏–∏,https://yandex.uz/maps/-/CDdU6Wii,true,,,,,,,–ù–µ—Ç –∏–Ω—Ñ–æ—Ä–º–∞—Ü–∏–∏,,,,,,,,ozhiganovavar@gmail.com,Ozhiganova Varya,10.17.2024,,,,,
qAjhcZm.SvCIbXzziNMzug,Petrol,–ê–ó–°,"–¢–∞—à–∫–µ–Ω—Ç, –Æ–Ω—É—Å–∞–±–∞–¥—Å–∫–∏–π —Ä–∞–π–æ–Ω, –º–∞—Ö–∞–ª–ª–∏–Ω—Å–∫–∏–π —Å—Ö–æ–¥ –≥—Ä–∞–∂–¥–∞–Ω –¢–∏–∫–ª–∞–Ω–∏—à","41.377636, 69.267685",–ù–µ—Ç –∏–Ω—Ñ–æ—Ä–º–∞—Ü–∏–∏,https://yandex.uz/maps/-/CDdUbMKD,true,,,,,,,–ù–µ—Ç –∏–Ω—Ñ–æ—Ä–º–∞—Ü–∏–∏,,,,,,,,ozhiganovavar@gmail.com,Ozhiganova Varya,10.17.2024,,,,,
FWl56onJTEqR7yHkNYjt-w,Petrol,–ê–ó–°,"–¢–∞—à–∫–µ–Ω—Ç, –Æ–Ω—É—Å–∞–±–∞–¥—Å–∫–∏–π —Ä–∞–π–æ–Ω, —É–ª–∏—Ü–∞ –ù—É—Ä–º–∞–∫–æ–Ω","41.377438, 69.268760",–ù–µ—Ç –∏–Ω—Ñ–æ—Ä–º–∞—Ü–∏–∏,https://yandex.uz/maps/-/CDdUb0Z2,true,,,,,,,–ù–µ—Ç –∏–Ω—Ñ–æ—Ä–º–∞—Ü–∏–∏,,,,true,,,,ozhiganovavar@gmail.com,Ozhiganova Varya,10.17.2024,,,,,
8p3MpKg6QrCPldtU-0NAJw,–•—É–º–∞,–ê–ó–°,"–¢–∞—à–∫–µ–Ω—Ç, –Æ–Ω—É—Å–∞–±–∞–¥—Å–∫–∏–π —Ä–∞–π–æ–Ω, –ú–∞–π–∫—É—Ä–≥–∞–Ω—Å–∫–∞—è —É–ª–∏—Ü–∞, 1","41.377614, 69.268740",+998 71 221 21 67,https://yandex.uz/maps/-/CDdUfYM6,true,,,,,,,06:00 ‚Äì 23:00,,,,,,,,ozhiganovavar@gmail.com,Ozhiganova Varya,10.17.2024,,,,,
2Wqxf81RSXSSsYIlVaKotg,–ê–ó–°,–ê–ó–°,"–¢–∞—à–∫–µ–Ω—Ç, –Æ–Ω—É—Å–∞–±–∞–¥—Å–∫–∏–π —Ä–∞–π–æ–Ω, –º–∞—Ö–∞–ª–ª–∏–Ω—Å–∫–∏–π —Å—Ö–æ–¥ –≥—Ä–∞–∂–¥–∞–Ω –¢–∏–∫–ª–∞–Ω–∏—à","41.377686, 69.268273",–ù–µ—Ç –∏–Ω—Ñ–æ—Ä–º–∞—Ü–∏–∏,https://yandex.uz/maps/-/CDdUfOOW,true,,,,,,,–ù–µ—Ç –∏–Ω—Ñ–æ—Ä–º–∞—Ü–∏–∏,,,,,,,,ozhiganovavar@gmail.com,Ozhiganova Varya,10.17.2024,,,,,
LPI4f4U0SeOg4aohUUPI6w,Ayoosh,–ê–ó–°,"–¢–∞—à–∫–µ–Ω—Ç, –Æ–Ω—É—Å–∞–±–∞–¥—Å–∫–∏–π —Ä–∞–π–æ–Ω, –º–∞—Ö–∞–ª–ª—è –•–∞—Å–∞–Ω–±–æ–π","41.391376, 69.269350",–ù–µ—Ç –∏–Ω—Ñ–æ—Ä–º–∞—Ü–∏–∏,https://yandex.uz/maps/-/CDdUfP1I,true,,,,,,,–ù–µ—Ç –∏–Ω—Ñ–æ—Ä–º–∞—Ü–∏–∏,,,,,,,,ozhiganovavar@gmail.com,Ozhiganova Varya,10.17.2024,,,,,
roHSLwt-RR6iXuIM7ocw.A,–ó–∞–ø—Ä–∞–≤–∫–∞,–ê–ó–°,"–¢–∞—à–∫–µ–Ω—Ç, –Æ–Ω—É—Å–∞–±–∞–¥—Å–∫–∏–π —Ä–∞–π–æ–Ω, –º–∞—Ö–∞–ª–ª–∏–Ω—Å–∫–∏–π —Å—Ö–æ–¥ –≥—Ä–∞–∂–¥–∞–Ω –•–∞—Å–∞–Ω–±–∞–π","41.390674, 69.268876",–ù–µ—Ç –∏–Ω—Ñ–æ—Ä–º–∞—Ü–∏–∏,https://yandex.uz/maps/-/CDdUz-6C,true,,,,,,,–ù–µ—Ç –∏–Ω—Ñ–æ—Ä–º–∞—Ü–∏–∏,,,,,,,,ozhiganovavar@gmail.com,Ozhiganova Varya,10.17.2024,,,,,
fI2RrrtHQ0ihJQj6EO2Ycg,Ipak yoli Petrol,–ê–ó–°,"–¢–∞—à–∫–µ–Ω—Ç, –Æ–Ω—É—Å–∞–±–∞–¥—Å–∫–∏–π —Ä–∞–π–æ–Ω, –º–∞—Ö–∞–ª–ª–∏–Ω—Å–∫–∏–π —Å—Ö–æ–¥ –≥—Ä–∞–∂–¥–∞–Ω –ò—Å–ª–∞–º–∞–±–∞–¥","41.384243, 69.281540",–ù–µ—Ç –∏–Ω—Ñ–æ—Ä–º–∞—Ü–∏–∏,https://yandex.uz/maps/-/CDdU70lE,true,,,,,,,–ù–µ—Ç –∏–Ω—Ñ–æ—Ä–º–∞—Ü–∏–∏,,,,,,,,ozhiganovavar@gmail.com,Ozhiganova Varya,10.17.2024,,,,,
QwfH0ilkS5OLLiR8ORzGUg,Good oil,–ê–ó–°,"–¢–∞—à–∫–µ–Ω—Ç, –Æ–Ω—É—Å–∞–±–∞–¥—Å–∫–∏–π —Ä–∞–π–æ–Ω, –º–∞—Ö–∞–ª–ª—è –ò—Å–ª–æ–º–æ–±–æ–¥","41.384215, 69.281515",–ù–µ—Ç –∏–Ω—Ñ–æ—Ä–º–∞—Ü–∏–∏,https://yandex.uz/maps/-/CDdU7X0h,true,true,,true,,,true,24/7,,,,,,,,ozhiganovavar@gmail.com,Ozhiganova Varya,10.17.2024,,,,,
D-xX0-UtQzyXM9185WQiAA,Alex plus business,–ê–ó–°,"–¢–∞—à–∫–µ–Ω—Ç, –Æ–Ω—É—Å–∞–±–∞–¥—Å–∫–∏–π —Ä–∞–π–æ–Ω, –º–∞—Ö–∞–ª–ª—è –ò—Å–ª–æ–º–æ–±–æ–¥","41.384056, 69.281154",+998 71 221 76 04,https://yandex.uz/maps/-/CDdYAG1P,true,,,,,,,24/7,,,,,,,,ozhiganovavar@gmail.com,Ozhiganova Varya,10.17.2024,,,,,
lbXMNeAgQ1-XR-jKFzjSSQ,–ê–ó–°,–ê–ó–°,"–¢–∞—à–∫–µ–Ω—Ç, –Æ–Ω—É—Å–∞–±–∞–¥—Å–∫–∏–π —Ä–∞–π–æ–Ω, –º–∞—Ö–∞–ª–ª–∏–Ω—Å–∫–∏–π —Å—Ö–æ–¥ –≥—Ä–∞–∂–¥–∞–Ω –Ø–Ω–≥–∏ –•–∞—ë—Ç","41.382837, 69.291249",–ù–µ—Ç –∏–Ω—Ñ–æ—Ä–º–∞—Ü–∏–∏,https://yandex.uz/maps/-/CDdYEQJ2,true,true,,true,true,true,,–ù–µ—Ç –∏–Ω—Ñ–æ—Ä–º–∞—Ü–∏–∏,,,,,,,,ozhiganovavar@gmail.com,Ozhiganova Varya,10.17.2024,,,,,
tP.N8eHLRAqIKVhfs0LxTw,Jizzakh Petroleum,–ê–ó–°,"–¢–∞—à–∫–µ–Ω—Ç, 1-–π –ø—Ä–æ–µ–∑–¥ –ì—É—Ä—É—á-–ê—Ä–∏–∫","41.348529, 69.238095",+998 71 246 13 91,https://yandex.uz/maps/-/CDdYIEYI,true,true,,,,,,24/7 (–≤—Ç - –≤—ã—Ö–æ–¥–Ω–æ–π),true,,,,,,,ozhiganovavar@gmail.com,Ozhiganova Varya,10.17.2024,,,,,
Jbuh83HuSOSQO.C6fYz6YA,UNG Petro,–ê–ó–°,"—É–ª. –§–∞–π–∑–∏–±–∞–ª–∞–Ω–¥, 64–ë","41.347895, 69.238367",–ù–µ—Ç –∏–Ω—Ñ–æ—Ä–º–∞—Ü–∏–∏,https://yandex.uz/maps/-/CDdYI62e,true,true,,,,,,24/7,true,,,,,,,ozhiganovavar@gmail.com,Ozhiganova Varya,10.17.2024,,,,,
6-WCAobyTGeOiE5.guoN.g,Perfect petrol,–ê–ó–°,"–ê–ª–º–∞–∑–∞—Ä—Å–∫–∏–π —Ä–∞–π–æ–Ω, –ú–∞–ª–∞—è –∫–æ–ª—å—Ü–µ–≤–∞—è –¥–æ—Ä–æ–≥–∞, 9G","41.347592, 69.247100",–ù–µ—Ç –∏–Ω—Ñ–æ—Ä–º–∞—Ü–∏–∏,https://yandex.uz/maps/-/CDdYMQOr,true,true,,true,true,,,24/7,true,,,,,,,ozhiganovavar@gmail.com,Ozhiganova Varya,10.17.2024,,,,,
Lyqgx65kReuQNwhUH9bNcw,Mirxosil,–ê–ó–°,"–¢–∞—à–∫–µ–Ω—Ç, –ê–ª–º–∞–∑–∞—Ä—Å–∫–∏–π —Ä–∞–π–æ–Ω, –ú–∞–ª–∞—è –∫–æ–ª—å—Ü–µ–≤–∞—è –¥–æ—Ä–æ–≥–∞","41.348493, 69.255710",–ù–µ—Ç –∏–Ω—Ñ–æ—Ä–º–∞—Ü–∏–∏,https://yandex.uz/maps/-/CDdYMWmF,true,true,true,true,,,true,24/7,,,,,,,,ozhiganovavar@gmail.com,Ozhiganova Varya,10.17.2024,,,,,
8mn0e5iZRWSRzpowEA-0AQ,TatNeft,,"–®–∞–π—Ö–æ–Ω—Ç–æ—Ö—É—Ä, –ö–æ—Ä–∞—Ç–æ—à ","41.315200886389206,69.23474062451055",,,,,,,,,,24/7,true,,true,true,,true,true,,,,,,,,
0TxDzvHJRIeDJlRzLN1HQA,Uzneftgaz,–ê–ó–°,KXAY 36,"41.348689282919814,69.23966312863432",,,,,,,,,,24/7,true,,,,,,,,,,,,,,
dxwCAZAIREO3V5mkSrbUtw,–ú—É—Å—Ç–∞–Ω–≥ ,–ê–ó–°,–ë—É–Ω–µ–¥–∫–æ—Ä —à–æ—Ö –∫—É—á–∞—Å–∏ GOODY,"41.24245774276315,69.1716501868791",,,,,,,,,,24/7,true,,true,false,,false,,,,,,,,,
VBa2j9DNRQGIXRaJHNuz.g,Intran Servis,,"Uchtepa tumani, Farhod ko'chasi, uchtepa outlet centre","41.2907189,69.1808312",,,,,,,,,,24/7,true,,,,,,,,,,,,,,
AZj9Y3VMQeG3TnNgFE2DYQ,IBR Petroleum station ,,"Kichik halqa yo'li, Archa ko'cha,  Ftiziatriya va pulmonologiya markazi ro'parasida","41.3046147,69.1939212",,,,,,,,,,24/7,true,,true,true,,,true,,,,,,,,
OsJrPLCJTQOWvPlmy2W-zw,Mustang ,,"Toshkent, Farobiy ko'chasi, Beruniy metro Huvaydo mebelar uyi","41.3443898,69.2075003",,,,,,,,,,24/7,true,,true,,,true,true,,,,,,,,
lQs.XlAVR1ifCPRZWyfkfA,SEG TASCO ,–ê–ó–°,"Olmazor tumani, Dilsaroy ko'chasi soy bo'yi ","41.3556933,69.2308699",,,,,,,,,,24/7,true,,true,,,,,,,,,,,,
Sbwz7XSTSb61C5YCqPmT7w,UzGazoil,–ê–ó–°,Olmazor tumani Kichik halqa yo'li Qorasaroy chorahasiga yetmasdan ,"41.3488382,69.2384131",,,,,,,,,,24/7,true,,,,,,,,,,,,,,
dWo8MQKhQdSuve.VIOyx-Q,UzGazoil ,,Olmazor tumani Qoraqamish 1/2 ,"41.3605207,69.237433",,,,,,,,,,24/7,true,,true,true,,true,true,,,,,,,,
iV6nNoFYS0yXmUXKDK7iFw,Petrol,,"Olmazor tumani Noraz tepa ko'chasi, Noraz tepa 64A","41.3650297,69.2272541",,,,,,,,,,24/7,true,,,,,true,true,,,,,,,,
JieKMQnxSs-BhA35Z1IZAg,UzGazoil ,,"Olmazor tumani Usta shirin ko'chasi, Jomiy bozor","41.3559365,69.24884",,,,,,,,,,24/7,true,,,,,,,,,,,,,,
ZNqEB1w.Rly4AxJJ7NWbqw,UZMAXOIL,,Olmazor tumani Kichik halqa yo'li Teshik qopqa qabristoni ,"41.3477905,69.2470852",,,,,,,,,,,true,,,,,,true,,,,,,,,
ImLPh8rBSdGxjvxTAnzqUA,AZC Mirxosil,–ê–ó–°,Olmazor tumani Kichik halqa yo'li Shimoliy olmazor chorahasi,"41.3484368,69.2562577",,,,,,,,,,06:00 23:00,true,,,,,true,true,,,,,,,,
pFNjrRQ0SbuA4.w7iX6INg,UzGazoil ,,Olmazor tumani Taxtapul darvoza ko'chasi,"41.3411133,69.261773",,,,,,,,,,24/7,true,true,true,,,true,true,,,,,,,,
Y-hzOWwdT0yw.oXdYQ5lNw,Intran Servis ,–ê–ó–°,Qora tosh ko'chasi Samarqand darvoza ,"41.3181309,69.2299313",,,,true,,true,true,,,24/7,true,,,,,,true,,,,,,,,
2vsl00r2ShSGHxGJLXRGqw,UzGazoil ,–ê–ó–°,Kichik halqa yo'li Cho'lpon ota chorahasi,"41.2932072,69.1944406",,,,true,,true,true,,,24/7,true,,true,,,,,,,,,,,,
8dLV8m9rQn-VC2iRWXqkNA,UzGazoil ,–ê–ó–°,Uchtepa tumani Fozil tepa ko'chasi Uchtepa hokimyati,"41.2934883,69.1730129",,,,true,,true,true,,,24/7,true,,,,,true,,,,,,,,,
oJW4nIUiSqiboeQTJOu2lw,UzGazoil ,–ê–ó–°,Uchtepa tumani Shirin ko'chasi eko park seul,"41.2854493,69.172044",,,,true,,true,true,,true,24/7,true,,,,,true,true,,,,,,,,
n5fM8v-VT7CjaIXn5-bR2w,Premium ideal gaz,–ê–ó–°,Uchtepa tumani Katta xirmontepa ko'chasi,"41.2743661,69.1736708",,,,,,,,,,24/7,true,,,,,true,true,,,,,true,,,
k.6pPPqLTuayctCNfuKalA,IBR PETROLEUM BATION ,–ê–ó–°,Uchtepa tumani Katta qani krugi,"41.2737047,69.1668362",,,,true,,true,true,,,24/7,true,,true,,,,,,,,,,,,
kNKzJTRHSpWoUaChOZcfTQ,UzGazoil ,–ê–ó–°,Uchtepa tumani Katta qani ko'chasi Depo mall,"41.2728962,69.1674775",,,,true,,true,true,,true,24/7,true,,,,,true,true,,,,,,,,
O3qnw9xpR72nNKiGi2v0wA,IBR Fuelsis staiton,–ê–ó–°,"Uchtepa tumani Izza ko'chasi, Sherxon choyxonasi","41.2826532,69.1605394",,,,true,,true,true,,,24/7,true,,,,,,,,,,,,,,
AisBExRYTvujkk-s0i3Oww,UzGazoil ,–ê–ó–°,"Uchtepa tumani Izza ko'chasi, Izza bozor","41.2778428,69.1495734",,,,true,,true,true,,true,24/7,true,,true,,,true,true,,,,,,,,
3Ihibm2OT5WgLiv9LO4a1A,METAN,–ê–ó–°,Katta avtomabil yo'li O'rikzor bozori,"41.2848549,69.1488522",,,,,,,,,,,true,,true,,,,,,,,,true,,,
d6G0YOWySXKJZt4ApGeW5g,Quest Room ,–ê–ó–°,Katta halqa avtomabil yo'li 13,"41.2980063,69.1510629",,,,true,,true,true,,true,,true,,,,,,,,,,,true,,,
1kjYfAStQeuj7YtfLJ5AJA,UzGazoil ,–ê–ó–°,"Uchtepa tumani Mannon uyg'ur ko'chasi, Taqachi burger","41.3057563,69.1600105",,,,true,,true,true,,,24/7,true,,,,,,,,,,,,,,
GyqYRJn3QLiCQw4qvfDI5A,IBR Petroleum station ,–ê–ó–°,"Uchtepa tumani Ko'kcha darvoza ko'chasi, Charog'on restarani","41.3122972,69.1800964",,,,true,,true,true,,,24/7,true,,true,,,true,,,,,,,,,true
0f0U8kDKRzyRkXxbo-jRtw,UzGazoil ,–ê–ó–°,"Shayxontohur tumani Kichik halqa yo'li, Istrohat ko'chasi chorahasi","41.327575,69.1948125",,,,true,,true,true,,,24/7,true,,,,true,true,true,,,,,,,,
HOVaOUPUTwuJQUCKlRL95w,METAN ,–ê–ó–°,"Olmazor tumani Katta halqa avtomabil yo'li, Keles mosti","41.3845333,69.21248",,,,,,,,,,24/7,true,,true,,,,true,,,,,true,,,
kL8tVpUBQkKTSnAdg7xAXA,IBR Petroleum station BEST,–ê–ó–°,"Olmazor tumani Keles yo'li, Mevazor med","41.376855,69.2219083",,,,true,,true,true,,,24/7,true,,true,,,,,,,,,,,,
9zpjsCRjRe6V0iJctKiTBw,UzGazoil GAZ,–ê–ó–°,"Katta halqa avtomabil yo'li, O' zbegim restorani","41.364892,69.1841802",,,,true,,true,true,,,24/7,true,,,,,,,,,,,,true,,
XGH8W6lHTda63.5fUzk0Gw,METAN,–ê–ó–°,"96J4+QH4, Toshkent Xalqa Avtomobil Yo'li, –¢–æshkent, Toshkent Viloyati","41.3821425,69.2066901",,,,,,,,,,24/7,true,,true,,,,,,,,,true,,,
WaNfjxG9TGOutHvBgkm2zA,METAN ,–ê–ó–°,"95FV+F63, Katta halqa avtomabil yo'li Toshkent Viloyati mehnat postga yetmasdan","41.3743478,69.1950186",,,,,,,,,,24/7,true,,true,,,,,,,,,true,,,
03dL0sDbRoWfU9fOdYn9cw,METAN ,–ê–ó–°,"95FV+F63, Katta halqa avtomabil yo'li, Toshkent Viloyati mehnatka kirurish","41.3730802,69.1930346",,,,,,,,,,24/7,true,,true,,,,,,,,,true,,,
aYIIP0PFS2qWQnG3UnvWQw,Tashkent OIL,–ê–ó–°,Katta halqa avtomabil yo'li Toshkent viloyati Bunyodkor mahallasi 16 yiliga kirurish ,"41.3707584,69.1890678",,,,true,,true,,,true,,true,,true,true,,,true,,,,,false,,,
pekJ-aMKReCTOANTiTNk9w,METAN GKS,–ê–ó–°,"Toshkent Xalqa Avtomobil Yo'li, Toshkent Viloyati Maroqand restorani","41.3625964,69.1764852",,,,,,,,,,24/7,true,,true,,,,,,,,,true,,,
RpYJE5jrSnSsgfcR77Riqg,Petrol station ,–ê–ó–°,"Olmazor tumani Farobiy ko'chasi, Farovon 10","41.3493954,69.1798575",,,,true,,true,true,,,24/7,true,,true,,,,true,,,,,,,,
n-mQBv74TceZ5z8K3RIhnw,UzGazoil ,–ê–ó–°,"Toshkent viloyati Shifobaxsh ko'chasi, Tashmi postgai","41.3480494,69.1614759",,,,true,,true,true,,,,true,,,,,,,,,,,,,,
PVWWpHiwQgeR5mKz5Mrlow,METAN GAZ,–ê–ó–°,"Katta halqa avtomabil yo'li –º–∞—Å—Å–∏–≤ –ò–±–Ω –°–∏–Ω–∞-2, 1–ë","41.3379155,69.1637686",,,,,,,,,,24/7,true,,true,true,,,,,,,,true,,,
JeVD6EHqSXyhJI12W-fJVQ,UzGazoil ,–ê–ó–°,Katta halqa avtomabil yo'li Uchtepa tumani Istroxat ko'chasi tutashmasi,"41.31973,69.1573421",,,,true,,true,true,,true,,true,,,,,true,true,,,,,,,,
iB8Me2aQT3GJm5PuDbM0hQ,METAN AGNKS,–ê–ó–°,"8593+6RX, Toshkent Xalqa Avtomobil Yo'li, –¢–æshkent, Toshkent Viloyati ","41.317716,69.1557561",,,,,,,,,,24/7,true,,,,,,,,,,,true,,,
8OaCeQAHTHuQaUMRbIzKjg,METAN ,–ê–ó–°,Katta halqa avtomabil yo'li Uchtepa Maxsustrans atk,"41.3145749,69.154867",,,,,,,,,,24/7,true,,true,,,,,,,,,true,,,
iWjvBDA5TIyw-OJ7XzQbZg,UzGazoil ,–ê–ó–°,"Mirzo Ulug'bek tumani Parkent ko'chasi, Parkent 45B","41.3141086,69.3276265",,,,true,,true,true,,,24/7,true,,true,,,,,,,,,,,,true
8PbIMBF6QYazGZqpuWLxZQ,UzGazoil ,–ê–ó–°,"Mirzo Ulug'bek tumani Kichik halqa avtomabil yo'li, Salar bo'yi ko'chasi, Salar 47","41.3291445,69.3135614",,,,true,,true,true,,,24/7,true,,,true,,true,true,,,,,,,,true
sRndki-kSLm6a1jJLtGUAQ,UzGazoil ,–ê–ó–°,Yunusobod tumani Bog'shamol ko'chasi Yangitarnov 37,"41.340779,69.2997326",,,,true,,true,true,,,24/7,true,,,,,,,,,,,,,,
XTF4UF6kR.Kgi41f79G4Yw,UzGazoil ,–ê–ó–°,"Yunusobod tumani Shahriston ko'chasi, 2-–π —Ç—É–ø. –•–∏—Å–æ—Ä 2–í","41.3510207,69.2862055",,,,true,,true,true,,,24/7,true,,true,,,,true,,,,,,,,
vwfz14kZQGynatSlFITOFg,IBR Petroleum START,–ê–ó–°,Yunusobod tumani Amir Temur shoh ko'chasi –ø—Ä. –ê–º–∏—Ä–∞ –¢–µ–º—É—Ä–∞ 21–ê,"41.3627959,69.2891638",,,,true,,true,true,,,24/7,true,,true,,,,,,,,,,,,
WLQ08nGNSi2PqEJ3w6CV8w,UzGazoil ,–ê–ó–°," Toshkent Viloyati chimkent yo'li  97PV+XG, –•–∞—Å–∞–Ω–±–æ–π, –ï–≤—Ä–æ–ø–µ–π—Å–∫–∏–π –º–∞—Ä—à—Ä—É—Ç –ï123","41.3871544,69.293355",,,,true,,true,true,,,24/7,true,,,,,,,,,,,,,,
Y3Vqf2THTv6elF1OpgX-Bw,IBR Plane,–ê–ó–°,Toshkent viloyati chimkent yo'li ko'chasi —É–ª–∏—Ü–∞ –ú. –ú–∏—Ä–∑–∞—Ö–º–µ–¥–æ–≤–∞,"41.3936776,69.2972988",,,,true,,true,true,,,24/7,true,,,,,,,,,,,,,,
S91otrDTQT-fNwl6RSeEwA,METAN ,–ê–ó–°,"Toshkent viloyati chimkent yo'li, –î—É—Ä–º–æ–Ω 100","41.397343,69.2990311",,,,,,,,,,24/7,true,,true,,,,,,,,,true,,,
nz26c2JsQQeQE1EH7g9GYw,METAN ,–ê–ó–°,"97VC+43, Toshkent Viloyati Katta halqa avtomabil yo'li ","41.3921079,69.2697962",,,,,,,,,,24/7,true,,true,,,,,,,,,true,,,
7Wk3kOdWRr2dkGsx47vy2g,Comfort oil,–ê–ó–°,Katta halqa avtomabil yo'li Toshkent viloyati 1-–π —Ç—É–ø. –ë–∞—Ä–∞–∫–∞ 30,"41.3934166,69.2680495",,,,true,,true,true,,true,24/7,true,,,,,true,,,,,,,,,
vx6z1yNqSS-hm7scrxcQRg,BEST Petroleum ,–ê–ó–°,Katta halqa avtomabil yo'li Toshkent viloyati Xasanboy 3-–π —Ç—É–ø. –ë–∞—Ö—Ç 3,"41.3956334,69.2644259",,,,true,,true,false,,true,24/7,true,,,,,,true,,,,,,,,
j.drYLFlQBmNsPqZYMfGkw,METAN ,–ê–ó–°,Katta halqa avtomabil yo'li Toshkent viloyati 1-–π –ø—Ä-–¥ –Ø–Ω–≥–∏–∫—É—Ä–≥–æ–Ω 66,"41.3976339,69.2497933",,,,,,,,,,24/7,true,,true,,,,,,,,,true,,,
vWAx9-X3S4u-FrC.XS1whA,IBR MAX ,–ê–ó–°,Katta halqa avtomabil yo'li Toshkent viloyati 1-–π –ø—Ä-–¥ –Ø–Ω–≥–∏–∫—É—Ä–≥–æ–Ω 36,"41.3987966,69.2464446",,,,true,,true,true,,,24/7,true,,true,,,,,,,,,,,,
83E.JpQjRbGjVu2C28c7Mg,MUSTANG ,–ê–ó–°,"Yunusobod tumani Ahmad donish ko'chasi  110 Ahmad donish ko'chasi most, Ermak","41.3537133,69.2670167",,,,true,,true,true,,,24/7,true,,true,true,,true,true,,,,,,,,
qc5nWL2SQOO2NXPG68fKEA,SANJARBEK,–ê–ó–°,"–§–∞—Ä–≥–æ–Ω–∞ —à–∞—Ö–∞—Ä, –ê—ç—Ä–æ–ø–æ—Ä—Ç –∫—É—á–∞—Å–∏","40.37018261411021,71.76085787150902",,,,true,false,true,,,true,24 —Å–æ–∞—Ç,true,,,,,,,,,,,,false,,
eNeWCD31QGiQ-8Vv-vUiGw,OLOVIDIN,,"–§–∞—Ä–≥–æ–Ω–∞ —à–∞—Ö–∞—Ä, –ê—ç—Ä–æ–ø–æ—Ä—Ç –∫—É—á–∞—Å–∏","40.370805372782854,71.75984494097965",,,,true,,,,,,24 —á–∞—Å–∞,true,,,,,,,,,,,,true,,
nEdvn9DSR062ECVVP1nz8Q,LUKOIL,–ê–ó–°,–§–∞—Ä–≥–æ–Ω–∞ —à–∞—Ö–∞—Ä,"40.368470439638756,71.77327507388853",,,,true,,true,true,,,24 —Å–æ–∞—Ç,true,,true,true,,true,,,,,,,true,,